date_id,date,year,month,day,day_of_the_week,quarter
0,2013-01-01,2013,01,01,Tuesday,Q1
1,2013-01-07,2013,01,07,Monday,Q1
2,2013-01-19,2013,01,19,Saturday,Q1
3,2013-01-23,2013,01,23,Wednesday,Q1
4,2013-01-25,2013,01,25,Friday,Q1
5,2013-01-26,2013,01,26,Saturday,Q1
6,2013-02-02,2013,02,02,Saturday,Q1
7,2013-02-03,2013,02,03,Sunday,Q1
8,2013-02-09,2013,02,09,Saturday,Q1
9,2013-02-11,2013,02,11,Monday,Q1
10,2013-02-19,2013,02,19,Tuesday,Q1
11,2013-03-03,2013,03,03,Sunday,Q1
12,2013-03-04,2013,03,04,Monday,Q1
13,2013-03-07,2013,03,07,Thursday,Q1
14,2013-03-10,2013,03,10,Sunday,Q1
15,2013-03-11,2013,03,11,Monday,Q1
16,2013-03-13,2013,03,13,Wednesday,Q1
17,2013-03-21,2013,03,21,Thursday,Q1
18,2013-04-18,2013,04,18,Thursday,Q2
19,2013-04-21,2013,04,21,Sunday,Q2
20,2013-04-22,2013,04,22,Monday,Q2
21,2013-04-24,2013,04,24,Wednesday,Q2
22,2013-04-25,2013,04,25,Thursday,Q2
23,2013-04-28,2013,04,28,Sunday,Q2
24,2013-05-02,2013,05,02,Thursday,Q2
25,2013-05-04,2013,05,04,Saturday,Q2
26,2013-05-11,2013,05,11,Saturday,Q2
27,2013-05-12,2013,05,12,Sunday,Q2
28,2013-05-13,2013,05,13,Monday,Q2
29,2013-05-14,2013,05,14,Tuesday,Q2
30,2013-05-16,2013,05,16,Thursday,Q2
31,2013-05-18,2013,05,18,Saturday,Q2
32,2013-05-19,2013,05,19,Sunday,Q2
33,2013-05-23,2013,05,23,Thursday,Q2
34,2013-05-25,2013,05,25,Saturday,Q2
35,2013-06-07,2013,06,07,Friday,Q2
36,2013-06-10,2013,06,10,Monday,Q2
37,2013-06-15,2013,06,15,Saturday,Q2
38,2013-06-21,2013,06,21,Friday,Q2
39,2013-06-23,2013,06,23,Sunday,Q2
40,2013-06-27,2013,06,27,Thursday,Q2
41,2013-07-01,2013,07,01,Monday,Q3
42,2013-07-02,2013,07,02,Tuesday,Q3
43,2013-07-07,2013,07,07,Sunday,Q3
44,2013-07-12,2013,07,12,Friday,Q3
45,2013-07-13,2013,07,13,Saturday,Q3
46,2013-07-14,2013,07,14,Sunday,Q3
47,2013-07-20,2013,07,20,Saturday,Q3
48,2013-07-26,2013,07,26,Friday,Q3
49,2013-07-30,2013,07,30,Tuesday,Q3
50,2013-08-02,2013,08,02,Friday,Q3
51,2013-08-04,2013,08,04,Sunday,Q3
52,2013-08-05,2013,08,05,Monday,Q3
53,2013-08-06,2013,08,06,Tuesday,Q3
54,2013-08-09,2013,08,09,Friday,Q3
55,2013-08-14,2013,08,14,Wednesday,Q3
56,2013-08-17,2013,08,17,Saturday,Q3
57,2013-08-19,2013,08,19,Monday,Q3
58,2013-08-20,2013,08,20,Tuesday,Q3
59,2013-08-23,2013,08,23,Friday,Q3
60,2013-08-25,2013,08,25,Sunday,Q3
61,2013-09-07,2013,09,07,Saturday,Q3
62,2013-09-11,2013,09,11,Wednesday,Q3
63,2013-09-14,2013,09,14,Saturday,Q3
64,2013-09-15,2013,09,15,Sunday,Q3
65,2013-09-16,2013,09,16,Monday,Q3
66,2013-09-19,2013,09,19,Thursday,Q3
67,2013-09-20,2013,09,20,Friday,Q3
68,2013-09-22,2013,09,22,Sunday,Q3
69,2013-09-24,2013,09,24,Tuesday,Q3
70,2013-09-27,2013,09,27,Friday,Q3
71,2013-10-05,2013,10,05,Saturday,Q4
72,2013-10-07,2013,10,07,Monday,Q4
73,2013-10-12,2013,10,12,Saturday,Q4
74,2013-10-13,2013,10,13,Sunday,Q4
75,2013-10-26,2013,10,26,Saturday,Q4
76,2013-10-27,2013,10,27,Sunday,Q4
77,2013-11-10,2013,11,10,Sunday,Q4
78,2013-11-11,2013,11,11,Monday,Q4
79,2013-11-22,2013,11,22,Friday,Q4
80,2013-11-28,2013,11,28,Thursday,Q4
81,2013-12-01,2013,12,01,Sunday,Q4
82,2013-12-07,2013,12,07,Saturday,Q4
83,2013-12-22,2013,12,22,Sunday,Q4
84,2013-12-25,2013,12,25,Wednesday,Q4
85,2013-12-26,2013,12,26,Thursday,Q4
86,2014-01-01,2014,01,01,Wednesday,Q1
87,2014-01-02,2014,01,02,Thursday,Q1
88,2014-01-03,2014,01,03,Friday,Q1
89,2014-01-04,2014,01,04,Saturday,Q1
90,2014-01-05,2014,01,05,Sunday,Q1
91,2014-01-06,2014,01,06,Monday,Q1
92,2014-01-07,2014,01,07,Tuesday,Q1
93,2014-01-08,2014,01,08,Wednesday,Q1
94,2014-01-09,2014,01,09,Thursday,Q1
95,2014-01-10,2014,01,10,Friday,Q1
96,2014-01-11,2014,01,11,Saturday,Q1
97,2014-01-12,2014,01,12,Sunday,Q1
98,2014-01-13,2014,01,13,Monday,Q1
99,2014-01-14,2014,01,14,Tuesday,Q1
100,2014-01-15,2014,01,15,Wednesday,Q1
101,2014-01-16,2014,01,16,Thursday,Q1
102,2014-01-17,2014,01,17,Friday,Q1
103,2014-01-18,2014,01,18,Saturday,Q1
104,2014-01-19,2014,01,19,Sunday,Q1
105,2014-01-20,2014,01,20,Monday,Q1
106,2014-01-21,2014,01,21,Tuesday,Q1
107,2014-01-22,2014,01,22,Wednesday,Q1
108,2014-01-23,2014,01,23,Thursday,Q1
109,2014-01-24,2014,01,24,Friday,Q1
110,2014-01-25,2014,01,25,Saturday,Q1
111,2014-01-26,2014,01,26,Sunday,Q1
112,2014-01-27,2014,01,27,Monday,Q1
113,2014-01-28,2014,01,28,Tuesday,Q1
114,2014-01-29,2014,01,29,Wednesday,Q1
115,2014-01-30,2014,01,30,Thursday,Q1
116,2014-01-31,2014,01,31,Friday,Q1
117,2014-02-01,2014,02,01,Saturday,Q1
118,2014-02-02,2014,02,02,Sunday,Q1
119,2014-02-03,2014,02,03,Monday,Q1
120,2014-02-04,2014,02,04,Tuesday,Q1
121,2014-02-05,2014,02,05,Wednesday,Q1
122,2014-02-06,2014,02,06,Thursday,Q1
123,2014-02-07,2014,02,07,Friday,Q1
124,2014-02-08,2014,02,08,Saturday,Q1
125,2014-02-09,2014,02,09,Sunday,Q1
126,2014-02-10,2014,02,10,Monday,Q1
127,2014-02-11,2014,02,11,Tuesday,Q1
128,2014-02-12,2014,02,12,Wednesday,Q1
129,2014-02-13,2014,02,13,Thursday,Q1
130,2014-02-14,2014,02,14,Friday,Q1
131,2014-02-15,2014,02,15,Saturday,Q1
132,2014-02-16,2014,02,16,Sunday,Q1
133,2014-02-17,2014,02,17,Monday,Q1
134,2014-02-18,2014,02,18,Tuesday,Q1
135,2014-02-19,2014,02,19,Wednesday,Q1
136,2014-02-20,2014,02,20,Thursday,Q1
137,2014-02-21,2014,02,21,Friday,Q1
138,2014-02-22,2014,02,22,Saturday,Q1
139,2014-02-23,2014,02,23,Sunday,Q1
140,2014-02-24,2014,02,24,Monday,Q1
141,2014-02-25,2014,02,25,Tuesday,Q1
142,2014-02-26,2014,02,26,Wednesday,Q1
143,2014-02-27,2014,02,27,Thursday,Q1
144,2014-02-28,2014,02,28,Friday,Q1
145,2014-03-01,2014,03,01,Saturday,Q1
146,2014-03-02,2014,03,02,Sunday,Q1
147,2014-03-03,2014,03,03,Monday,Q1
148,2014-03-04,2014,03,04,Tuesday,Q1
149,2014-03-05,2014,03,05,Wednesday,Q1
150,2014-03-06,2014,03,06,Thursday,Q1
151,2014-03-07,2014,03,07,Friday,Q1
152,2014-03-08,2014,03,08,Saturday,Q1
153,2014-03-09,2014,03,09,Sunday,Q1
154,2014-03-10,2014,03,10,Monday,Q1
155,2014-03-11,2014,03,11,Tuesday,Q1
156,2014-03-12,2014,03,12,Wednesday,Q1
157,2014-03-13,2014,03,13,Thursday,Q1
158,2014-03-14,2014,03,14,Friday,Q1
159,2014-03-15,2014,03,15,Saturday,Q1
160,2014-03-16,2014,03,16,Sunday,Q1
161,2014-03-17,2014,03,17,Monday,Q1
162,2014-03-18,2014,03,18,Tuesday,Q1
163,2014-03-19,2014,03,19,Wednesday,Q1
164,2014-03-20,2014,03,20,Thursday,Q1
165,2014-03-21,2014,03,21,Friday,Q1
166,2014-03-22,2014,03,22,Saturday,Q1
167,2014-03-23,2014,03,23,Sunday,Q1
168,2014-03-24,2014,03,24,Monday,Q1
169,2014-03-25,2014,03,25,Tuesday,Q1
170,2014-03-26,2014,03,26,Wednesday,Q1
171,2014-03-27,2014,03,27,Thursday,Q1
172,2014-03-28,2014,03,28,Friday,Q1
173,2014-03-29,2014,03,29,Saturday,Q1
174,2014-03-30,2014,03,30,Sunday,Q1
175,2014-03-31,2014,03,31,Monday,Q1
176,2014-04-01,2014,04,01,Tuesday,Q2
177,2014-04-02,2014,04,02,Wednesday,Q2
178,2014-04-03,2014,04,03,Thursday,Q2
179,2014-04-04,2014,04,04,Friday,Q2
180,2014-04-05,2014,04,05,Saturday,Q2
181,2014-04-06,2014,04,06,Sunday,Q2
182,2014-04-07,2014,04,07,Monday,Q2
183,2014-04-08,2014,04,08,Tuesday,Q2
184,2014-04-09,2014,04,09,Wednesday,Q2
185,2014-04-10,2014,04,10,Thursday,Q2
186,2014-04-11,2014,04,11,Friday,Q2
187,2014-04-12,2014,04,12,Saturday,Q2
188,2014-04-13,2014,04,13,Sunday,Q2
189,2014-04-14,2014,04,14,Monday,Q2
190,2014-04-15,2014,04,15,Tuesday,Q2
191,2014-04-16,2014,04,16,Wednesday,Q2
192,2014-04-17,2014,04,17,Thursday,Q2
193,2014-04-18,2014,04,18,Friday,Q2
194,2014-04-19,2014,04,19,Saturday,Q2
195,2014-04-20,2014,04,20,Sunday,Q2
196,2014-04-21,2014,04,21,Monday,Q2
197,2014-04-22,2014,04,22,Tuesday,Q2
198,2014-04-23,2014,04,23,Wednesday,Q2
199,2014-04-24,2014,04,24,Thursday,Q2
200,2014-04-25,2014,04,25,Friday,Q2
201,2014-04-26,2014,04,26,Saturday,Q2
202,2014-04-27,2014,04,27,Sunday,Q2
203,2014-04-28,2014,04,28,Monday,Q2
204,2014-04-29,2014,04,29,Tuesday,Q2
205,2014-04-30,2014,04,30,Wednesday,Q2
206,2014-05-01,2014,05,01,Thursday,Q2
207,2014-05-02,2014,05,02,Friday,Q2
208,2014-05-03,2014,05,03,Saturday,Q2
209,2014-05-04,2014,05,04,Sunday,Q2
210,2014-05-05,2014,05,05,Monday,Q2
211,2014-05-06,2014,05,06,Tuesday,Q2
212,2014-05-07,2014,05,07,Wednesday,Q2
213,2014-05-08,2014,05,08,Thursday,Q2
214,2014-05-09,2014,05,09,Friday,Q2
215,2014-05-10,2014,05,10,Saturday,Q2
216,2014-05-11,2014,05,11,Sunday,Q2
217,2014-05-12,2014,05,12,Monday,Q2
218,2014-05-13,2014,05,13,Tuesday,Q2
219,2014-05-14,2014,05,14,Wednesday,Q2
220,2014-05-15,2014,05,15,Thursday,Q2
221,2014-05-16,2014,05,16,Friday,Q2
222,2014-05-17,2014,05,17,Saturday,Q2
223,2014-05-18,2014,05,18,Sunday,Q2
224,2014-05-19,2014,05,19,Monday,Q2
225,2014-05-20,2014,05,20,Tuesday,Q2
226,2014-05-21,2014,05,21,Wednesday,Q2
227,2014-05-22,2014,05,22,Thursday,Q2
228,2014-05-23,2014,05,23,Friday,Q2
229,2014-05-24,2014,05,24,Saturday,Q2
230,2014-05-25,2014,05,25,Sunday,Q2
231,2014-05-26,2014,05,26,Monday,Q2
232,2014-05-27,2014,05,27,Tuesday,Q2
233,2014-05-28,2014,05,28,Wednesday,Q2
234,2014-05-29,2014,05,29,Thursday,Q2
235,2014-05-30,2014,05,30,Friday,Q2
236,2014-05-31,2014,05,31,Saturday,Q2
237,2014-06-01,2014,06,01,Sunday,Q2
238,2014-06-02,2014,06,02,Monday,Q2
239,2014-06-03,2014,06,03,Tuesday,Q2
240,2014-06-04,2014,06,04,Wednesday,Q2
241,2014-06-05,2014,06,05,Thursday,Q2
242,2014-06-06,2014,06,06,Friday,Q2
243,2014-06-07,2014,06,07,Saturday,Q2
244,2014-06-08,2014,06,08,Sunday,Q2
245,2014-06-09,2014,06,09,Monday,Q2
246,2014-06-10,2014,06,10,Tuesday,Q2
247,2014-06-11,2014,06,11,Wednesday,Q2
248,2014-06-12,2014,06,12,Thursday,Q2
249,2014-06-13,2014,06,13,Friday,Q2
250,2014-06-14,2014,06,14,Saturday,Q2
251,2014-06-15,2014,06,15,Sunday,Q2
252,2014-06-16,2014,06,16,Monday,Q2
253,2014-06-17,2014,06,17,Tuesday,Q2
254,2014-06-18,2014,06,18,Wednesday,Q2
255,2014-06-19,2014,06,19,Thursday,Q2
256,2014-06-20,2014,06,20,Friday,Q2
257,2014-06-21,2014,06,21,Saturday,Q2
258,2014-06-22,2014,06,22,Sunday,Q2
259,2014-06-23,2014,06,23,Monday,Q2
260,2014-06-24,2014,06,24,Tuesday,Q2
261,2014-06-25,2014,06,25,Wednesday,Q2
262,2014-06-26,2014,06,26,Thursday,Q2
263,2014-06-27,2014,06,27,Friday,Q2
264,2014-06-28,2014,06,28,Saturday,Q2
265,2014-06-29,2014,06,29,Sunday,Q2
266,2014-06-30,2014,06,30,Monday,Q2
267,2014-07-01,2014,07,01,Tuesday,Q3
268,2014-07-02,2014,07,02,Wednesday,Q3
269,2014-07-03,2014,07,03,Thursday,Q3
270,2014-07-04,2014,07,04,Friday,Q3
271,2014-07-05,2014,07,05,Saturday,Q3
272,2014-07-06,2014,07,06,Sunday,Q3
273,2014-07-07,2014,07,07,Monday,Q3
274,2014-07-08,2014,07,08,Tuesday,Q3
275,2014-07-09,2014,07,09,Wednesday,Q3
276,2014-07-10,2014,07,10,Thursday,Q3
277,2014-07-11,2014,07,11,Friday,Q3
278,2014-07-12,2014,07,12,Saturday,Q3
279,2014-07-13,2014,07,13,Sunday,Q3
280,2014-07-14,2014,07,14,Monday,Q3
281,2014-07-15,2014,07,15,Tuesday,Q3
282,2014-07-16,2014,07,16,Wednesday,Q3
283,2014-07-17,2014,07,17,Thursday,Q3
284,2014-07-18,2014,07,18,Friday,Q3
285,2014-07-19,2014,07,19,Saturday,Q3
286,2014-07-20,2014,07,20,Sunday,Q3
287,2014-07-21,2014,07,21,Monday,Q3
288,2014-07-22,2014,07,22,Tuesday,Q3
289,2014-07-23,2014,07,23,Wednesday,Q3
290,2014-07-24,2014,07,24,Thursday,Q3
291,2014-07-25,2014,07,25,Friday,Q3
292,2014-07-26,2014,07,26,Saturday,Q3
293,2014-07-27,2014,07,27,Sunday,Q3
294,2014-07-28,2014,07,28,Monday,Q3
295,2014-07-29,2014,07,29,Tuesday,Q3
296,2014-07-30,2014,07,30,Wednesday,Q3
297,2014-07-31,2014,07,31,Thursday,Q3
298,2014-08-01,2014,08,01,Friday,Q3
299,2014-08-02,2014,08,02,Saturday,Q3
300,2014-08-03,2014,08,03,Sunday,Q3
301,2014-08-04,2014,08,04,Monday,Q3
302,2014-08-05,2014,08,05,Tuesday,Q3
303,2014-08-06,2014,08,06,Wednesday,Q3
304,2014-08-07,2014,08,07,Thursday,Q3
305,2014-08-08,2014,08,08,Friday,Q3
306,2014-08-09,2014,08,09,Saturday,Q3
307,2014-08-10,2014,08,10,Sunday,Q3
308,2014-08-11,2014,08,11,Monday,Q3
309,2014-08-12,2014,08,12,Tuesday,Q3
310,2014-08-13,2014,08,13,Wednesday,Q3
311,2014-08-14,2014,08,14,Thursday,Q3
312,2014-08-15,2014,08,15,Friday,Q3
313,2014-08-16,2014,08,16,Saturday,Q3
314,2014-08-17,2014,08,17,Sunday,Q3
315,2014-08-18,2014,08,18,Monday,Q3
316,2014-08-19,2014,08,19,Tuesday,Q3
317,2014-08-20,2014,08,20,Wednesday,Q3
318,2014-08-21,2014,08,21,Thursday,Q3
319,2014-08-22,2014,08,22,Friday,Q3
320,2014-08-23,2014,08,23,Saturday,Q3
321,2014-08-24,2014,08,24,Sunday,Q3
322,2014-08-25,2014,08,25,Monday,Q3
323,2014-08-26,2014,08,26,Tuesday,Q3
324,2014-08-27,2014,08,27,Wednesday,Q3
325,2014-08-28,2014,08,28,Thursday,Q3
326,2014-08-29,2014,08,29,Friday,Q3
327,2014-08-30,2014,08,30,Saturday,Q3
328,2014-08-31,2014,08,31,Sunday,Q3
329,2014-09-01,2014,09,01,Monday,Q3
330,2014-09-02,2014,09,02,Tuesday,Q3
331,2014-09-03,2014,09,03,Wednesday,Q3
332,2014-09-04,2014,09,04,Thursday,Q3
333,2014-09-05,2014,09,05,Friday,Q3
334,2014-09-06,2014,09,06,Saturday,Q3
335,2014-09-07,2014,09,07,Sunday,Q3
336,2014-09-08,2014,09,08,Monday,Q3
337,2014-09-09,2014,09,09,Tuesday,Q3
338,2014-09-10,2014,09,10,Wednesday,Q3
339,2014-09-11,2014,09,11,Thursday,Q3
340,2014-09-12,2014,09,12,Friday,Q3
341,2014-09-13,2014,09,13,Saturday,Q3
342,2014-09-14,2014,09,14,Sunday,Q3
343,2014-09-15,2014,09,15,Monday,Q3
344,2014-09-16,2014,09,16,Tuesday,Q3
345,2014-09-17,2014,09,17,Wednesday,Q3
346,2014-09-18,2014,09,18,Thursday,Q3
347,2014-09-19,2014,09,19,Friday,Q3
348,2014-09-20,2014,09,20,Saturday,Q3
349,2014-09-21,2014,09,21,Sunday,Q3
350,2014-09-22,2014,09,22,Monday,Q3
351,2014-09-23,2014,09,23,Tuesday,Q3
352,2014-09-24,2014,09,24,Wednesday,Q3
353,2014-09-25,2014,09,25,Thursday,Q3
354,2014-09-26,2014,09,26,Friday,Q3
355,2014-09-27,2014,09,27,Saturday,Q3
356,2014-09-28,2014,09,28,Sunday,Q3
357,2014-09-29,2014,09,29,Monday,Q3
358,2014-09-30,2014,09,30,Tuesday,Q3
359,2014-10-01,2014,10,01,Wednesday,Q4
360,2014-10-02,2014,10,02,Thursday,Q4
361,2014-10-03,2014,10,03,Friday,Q4
362,2014-10-04,2014,10,04,Saturday,Q4
363,2014-10-05,2014,10,05,Sunday,Q4
364,2014-10-06,2014,10,06,Monday,Q4
365,2014-10-07,2014,10,07,Tuesday,Q4
366,2014-10-08,2014,10,08,Wednesday,Q4
367,2014-10-09,2014,10,09,Thursday,Q4
368,2014-10-10,2014,10,10,Friday,Q4
369,2014-10-11,2014,10,11,Saturday,Q4
370,2014-10-12,2014,10,12,Sunday,Q4
371,2014-10-13,2014,10,13,Monday,Q4
372,2014-10-14,2014,10,14,Tuesday,Q4
373,2014-10-15,2014,10,15,Wednesday,Q4
374,2014-10-16,2014,10,16,Thursday,Q4
375,2014-10-17,2014,10,17,Friday,Q4
376,2014-10-18,2014,10,18,Saturday,Q4
377,2014-10-19,2014,10,19,Sunday,Q4
378,2014-10-20,2014,10,20,Monday,Q4
379,2014-10-21,2014,10,21,Tuesday,Q4
380,2014-10-22,2014,10,22,Wednesday,Q4
381,2014-10-23,2014,10,23,Thursday,Q4
382,2014-10-24,2014,10,24,Friday,Q4
383,2014-10-25,2014,10,25,Saturday,Q4
384,2014-10-26,2014,10,26,Sunday,Q4
385,2014-10-27,2014,10,27,Monday,Q4
386,2014-10-28,2014,10,28,Tuesday,Q4
387,2014-10-29,2014,10,29,Wednesday,Q4
388,2014-10-30,2014,10,30,Thursday,Q4
389,2014-10-31,2014,10,31,Friday,Q4
390,2014-11-01,2014,11,01,Saturday,Q4
391,2014-11-02,2014,11,02,Sunday,Q4
392,2014-11-03,2014,11,03,Monday,Q4
393,2014-11-04,2014,11,04,Tuesday,Q4
394,2014-11-05,2014,11,05,Wednesday,Q4
395,2014-11-06,2014,11,06,Thursday,Q4
396,2014-11-07,2014,11,07,Friday,Q4
397,2014-11-08,2014,11,08,Saturday,Q4
398,2014-11-09,2014,11,09,Sunday,Q4
399,2014-11-10,2014,11,10,Monday,Q4
400,2014-11-11,2014,11,11,Tuesday,Q4
401,2014-11-12,2014,11,12,Wednesday,Q4
402,2014-11-13,2014,11,13,Thursday,Q4
403,2014-11-14,2014,11,14,Friday,Q4
404,2014-11-15,2014,11,15,Saturday,Q4
405,2014-11-16,2014,11,16,Sunday,Q4
406,2014-11-17,2014,11,17,Monday,Q4
407,2014-11-18,2014,11,18,Tuesday,Q4
408,2014-11-19,2014,11,19,Wednesday,Q4
409,2014-11-20,2014,11,20,Thursday,Q4
410,2014-11-21,2014,11,21,Friday,Q4
411,2014-11-22,2014,11,22,Saturday,Q4
412,2014-11-23,2014,11,23,Sunday,Q4
413,2014-11-24,2014,11,24,Monday,Q4
414,2014-11-25,2014,11,25,Tuesday,Q4
415,2014-11-26,2014,11,26,Wednesday,Q4
416,2014-11-27,2014,11,27,Thursday,Q4
417,2014-11-28,2014,11,28,Friday,Q4
418,2014-11-29,2014,11,29,Saturday,Q4
419,2014-11-30,2014,11,30,Sunday,Q4
420,2014-12-01,2014,12,01,Monday,Q4
421,2014-12-02,2014,12,02,Tuesday,Q4
422,2014-12-03,2014,12,03,Wednesday,Q4
423,2014-12-04,2014,12,04,Thursday,Q4
424,2014-12-05,2014,12,05,Friday,Q4
425,2014-12-06,2014,12,06,Saturday,Q4
426,2014-12-07,2014,12,07,Sunday,Q4
427,2014-12-08,2014,12,08,Monday,Q4
428,2014-12-09,2014,12,09,Tuesday,Q4
429,2014-12-10,2014,12,10,Wednesday,Q4
430,2014-12-11,2014,12,11,Thursday,Q4
431,2014-12-12,2014,12,12,Friday,Q4
432,2014-12-13,2014,12,13,Saturday,Q4
433,2014-12-14,2014,12,14,Sunday,Q4
434,2014-12-15,2014,12,15,Monday,Q4
435,2014-12-16,2014,12,16,Tuesday,Q4
436,2014-12-17,2014,12,17,Wednesday,Q4
437,2014-12-18,2014,12,18,Thursday,Q4
438,2014-12-19,2014,12,19,Friday,Q4
439,2014-12-20,2014,12,20,Saturday,Q4
440,2014-12-21,2014,12,21,Sunday,Q4
441,2014-12-22,2014,12,22,Monday,Q4
442,2014-12-23,2014,12,23,Tuesday,Q4
443,2014-12-24,2014,12,24,Wednesday,Q4
444,2014-12-25,2014,12,25,Thursday,Q4
445,2014-12-26,2014,12,26,Friday,Q4
446,2014-12-27,2014,12,27,Saturday,Q4
447,2014-12-28,2014,12,28,Sunday,Q4
448,2014-12-29,2014,12,29,Monday,Q4
449,2014-12-30,2014,12,30,Tuesday,Q4
450,2014-12-31,2014,12,31,Wednesday,Q4
451,2015-01-01,2015,01,01,Thursday,Q1
452,2015-01-02,2015,01,02,Friday,Q1
453,2015-01-03,2015,01,03,Saturday,Q1
454,2015-01-04,2015,01,04,Sunday,Q1
455,2015-01-05,2015,01,05,Monday,Q1
456,2015-01-06,2015,01,06,Tuesday,Q1
457,2015-01-07,2015,01,07,Wednesday,Q1
458,2015-01-08,2015,01,08,Thursday,Q1
459,2015-01-09,2015,01,09,Friday,Q1
460,2015-01-10,2015,01,10,Saturday,Q1
461,2015-01-11,2015,01,11,Sunday,Q1
462,2015-01-12,2015,01,12,Monday,Q1
463,2015-01-13,2015,01,13,Tuesday,Q1
464,2015-01-14,2015,01,14,Wednesday,Q1
465,2015-01-15,2015,01,15,Thursday,Q1
466,2015-01-16,2015,01,16,Friday,Q1
467,2015-01-17,2015,01,17,Saturday,Q1
468,2015-01-18,2015,01,18,Sunday,Q1
469,2015-01-19,2015,01,19,Monday,Q1
470,2015-01-20,2015,01,20,Tuesday,Q1
471,2015-01-21,2015,01,21,Wednesday,Q1
472,2015-01-22,2015,01,22,Thursday,Q1
473,2015-01-23,2015,01,23,Friday,Q1
474,2015-01-24,2015,01,24,Saturday,Q1
475,2015-01-25,2015,01,25,Sunday,Q1
476,2015-01-26,2015,01,26,Monday,Q1
477,2015-01-27,2015,01,27,Tuesday,Q1
478,2015-01-28,2015,01,28,Wednesday,Q1
479,2015-01-29,2015,01,29,Thursday,Q1
480,2015-01-30,2015,01,30,Friday,Q1
481,2015-01-31,2015,01,31,Saturday,Q1
482,2015-02-01,2015,02,01,Sunday,Q1
483,2015-02-02,2015,02,02,Monday,Q1
484,2015-02-03,2015,02,03,Tuesday,Q1
485,2015-02-04,2015,02,04,Wednesday,Q1
486,2015-02-05,2015,02,05,Thursday,Q1
487,2015-02-06,2015,02,06,Friday,Q1
488,2015-02-07,2015,02,07,Saturday,Q1
489,2015-02-08,2015,02,08,Sunday,Q1
490,2015-02-09,2015,02,09,Monday,Q1
491,2015-02-10,2015,02,10,Tuesday,Q1
492,2015-02-11,2015,02,11,Wednesday,Q1
493,2015-02-12,2015,02,12,Thursday,Q1
494,2015-02-13,2015,02,13,Friday,Q1
495,2015-02-14,2015,02,14,Saturday,Q1
496,2015-02-15,2015,02,15,Sunday,Q1
497,2015-02-16,2015,02,16,Monday,Q1
498,2015-02-17,2015,02,17,Tuesday,Q1
499,2015-02-18,2015,02,18,Wednesday,Q1
500,2015-02-19,2015,02,19,Thursday,Q1
501,2015-02-20,2015,02,20,Friday,Q1
502,2015-02-21,2015,02,21,Saturday,Q1
503,2015-02-22,2015,02,22,Sunday,Q1
504,2015-02-23,2015,02,23,Monday,Q1
505,2015-02-24,2015,02,24,Tuesday,Q1
506,2015-02-25,2015,02,25,Wednesday,Q1
507,2015-02-26,2015,02,26,Thursday,Q1
508,2015-02-27,2015,02,27,Friday,Q1
509,2015-02-28,2015,02,28,Saturday,Q1
510,2015-03-01,2015,03,01,Sunday,Q1
511,2015-03-02,2015,03,02,Monday,Q1
512,2015-03-03,2015,03,03,Tuesday,Q1
513,2015-03-04,2015,03,04,Wednesday,Q1
514,2015-03-05,2015,03,05,Thursday,Q1
515,2015-03-06,2015,03,06,Friday,Q1
516,2015-03-07,2015,03,07,Saturday,Q1
517,2015-03-08,2015,03,08,Sunday,Q1
518,2015-03-09,2015,03,09,Monday,Q1
519,2015-03-10,2015,03,10,Tuesday,Q1
520,2015-03-11,2015,03,11,Wednesday,Q1
521,2015-03-12,2015,03,12,Thursday,Q1
522,2015-03-13,2015,03,13,Friday,Q1
523,2015-03-14,2015,03,14,Saturday,Q1
524,2015-03-15,2015,03,15,Sunday,Q1
525,2015-03-16,2015,03,16,Monday,Q1
526,2015-03-17,2015,03,17,Tuesday,Q1
527,2015-03-18,2015,03,18,Wednesday,Q1
528,2015-03-19,2015,03,19,Thursday,Q1
529,2015-03-20,2015,03,20,Friday,Q1
530,2015-03-21,2015,03,21,Saturday,Q1
531,2015-03-22,2015,03,22,Sunday,Q1
532,2015-03-23,2015,03,23,Monday,Q1
533,2015-03-24,2015,03,24,Tuesday,Q1
534,2015-03-25,2015,03,25,Wednesday,Q1
535,2015-03-26,2015,03,26,Thursday,Q1
536,2015-03-27,2015,03,27,Friday,Q1
537,2015-03-28,2015,03,28,Saturday,Q1
538,2015-03-29,2015,03,29,Sunday,Q1
539,2015-03-30,2015,03,30,Monday,Q1
540,2015-03-31,2015,03,31,Tuesday,Q1
541,2015-04-01,2015,04,01,Wednesday,Q2
542,2015-04-02,2015,04,02,Thursday,Q2
543,2015-04-03,2015,04,03,Friday,Q2
544,2015-04-04,2015,04,04,Saturday,Q2
545,2015-04-05,2015,04,05,Sunday,Q2
546,2015-04-06,2015,04,06,Monday,Q2
547,2015-04-07,2015,04,07,Tuesday,Q2
548,2015-04-08,2015,04,08,Wednesday,Q2
549,2015-04-09,2015,04,09,Thursday,Q2
550,2015-04-10,2015,04,10,Friday,Q2
551,2015-04-11,2015,04,11,Saturday,Q2
552,2015-04-12,2015,04,12,Sunday,Q2
553,2015-04-13,2015,04,13,Monday,Q2
554,2015-04-14,2015,04,14,Tuesday,Q2
555,2015-04-15,2015,04,15,Wednesday,Q2
556,2015-04-16,2015,04,16,Thursday,Q2
557,2015-04-17,2015,04,17,Friday,Q2
558,2015-04-18,2015,04,18,Saturday,Q2
559,2015-04-19,2015,04,19,Sunday,Q2
560,2015-04-20,2015,04,20,Monday,Q2
561,2015-04-22,2015,04,22,Wednesday,Q2
562,2015-04-23,2015,04,23,Thursday,Q2
563,2015-04-24,2015,04,24,Friday,Q2
564,2015-04-25,2015,04,25,Saturday,Q2
565,2015-04-26,2015,04,26,Sunday,Q2
566,2015-04-27,2015,04,27,Monday,Q2
567,2015-04-28,2015,04,28,Tuesday,Q2
568,2015-04-29,2015,04,29,Wednesday,Q2
569,2015-04-30,2015,04,30,Thursday,Q2
570,2015-05-01,2015,05,01,Friday,Q2
571,2015-05-02,2015,05,02,Saturday,Q2
572,2015-05-03,2015,05,03,Sunday,Q2
573,2015-05-04,2015,05,04,Monday,Q2
574,2015-05-05,2015,05,05,Tuesday,Q2
575,2015-05-06,2015,05,06,Wednesday,Q2
576,2015-05-07,2015,05,07,Thursday,Q2
577,2015-05-08,2015,05,08,Friday,Q2
578,2015-05-09,2015,05,09,Saturday,Q2
579,2015-05-10,2015,05,10,Sunday,Q2
580,2015-05-11,2015,05,11,Monday,Q2
581,2015-05-12,2015,05,12,Tuesday,Q2
582,2015-05-13,2015,05,13,Wednesday,Q2
583,2015-05-14,2015,05,14,Thursday,Q2
584,2015-05-15,2015,05,15,Friday,Q2
585,2015-05-16,2015,05,16,Saturday,Q2
586,2015-05-17,2015,05,17,Sunday,Q2
587,2015-05-18,2015,05,18,Monday,Q2
588,2015-05-19,2015,05,19,Tuesday,Q2
589,2015-05-20,2015,05,20,Wednesday,Q2
590,2015-05-21,2015,05,21,Thursday,Q2
591,2015-05-22,2015,05,22,Friday,Q2
592,2015-05-23,2015,05,23,Saturday,Q2
593,2015-05-24,2015,05,24,Sunday,Q2
594,2015-05-25,2015,05,25,Monday,Q2
595,2015-05-26,2015,05,26,Tuesday,Q2
596,2015-05-27,2015,05,27,Wednesday,Q2
597,2015-05-28,2015,05,28,Thursday,Q2
598,2015-05-29,2015,05,29,Friday,Q2
599,2015-05-30,2015,05,30,Saturday,Q2
600,2015-05-31,2015,05,31,Sunday,Q2
601,2015-06-01,2015,06,01,Monday,Q2
602,2015-06-02,2015,06,02,Tuesday,Q2
603,2015-06-03,2015,06,03,Wednesday,Q2
604,2015-06-04,2015,06,04,Thursday,Q2
605,2015-06-05,2015,06,05,Friday,Q2
606,2015-06-06,2015,06,06,Saturday,Q2
607,2015-06-07,2015,06,07,Sunday,Q2
608,2015-06-08,2015,06,08,Monday,Q2
609,2015-06-09,2015,06,09,Tuesday,Q2
610,2015-06-10,2015,06,10,Wednesday,Q2
611,2015-06-11,2015,06,11,Thursday,Q2
612,2015-06-12,2015,06,12,Friday,Q2
613,2015-06-13,2015,06,13,Saturday,Q2
614,2015-06-14,2015,06,14,Sunday,Q2
615,2015-06-15,2015,06,15,Monday,Q2
616,2015-06-16,2015,06,16,Tuesday,Q2
617,2015-06-17,2015,06,17,Wednesday,Q2
618,2015-06-18,2015,06,18,Thursday,Q2
619,2015-06-19,2015,06,19,Friday,Q2
620,2015-06-20,2015,06,20,Saturday,Q2
621,2015-06-21,2015,06,21,Sunday,Q2
622,2015-06-22,2015,06,22,Monday,Q2
623,2015-06-23,2015,06,23,Tuesday,Q2
624,2015-06-24,2015,06,24,Wednesday,Q2
625,2015-06-25,2015,06,25,Thursday,Q2
626,2015-06-26,2015,06,26,Friday,Q2
627,2015-06-27,2015,06,27,Saturday,Q2
628,2015-06-28,2015,06,28,Sunday,Q2
629,2015-06-29,2015,06,29,Monday,Q2
630,2015-06-30,2015,06,30,Tuesday,Q2
631,2015-07-01,2015,07,01,Wednesday,Q3
632,2015-07-02,2015,07,02,Thursday,Q3
633,2015-07-03,2015,07,03,Friday,Q3
634,2015-07-04,2015,07,04,Saturday,Q3
635,2015-07-05,2015,07,05,Sunday,Q3
636,2015-07-06,2015,07,06,Monday,Q3
637,2015-07-07,2015,07,07,Tuesday,Q3
638,2015-07-08,2015,07,08,Wednesday,Q3
639,2015-07-09,2015,07,09,Thursday,Q3
640,2015-07-10,2015,07,10,Friday,Q3
641,2015-07-11,2015,07,11,Saturday,Q3
642,2015-07-12,2015,07,12,Sunday,Q3
643,2015-07-13,2015,07,13,Monday,Q3
644,2015-07-14,2015,07,14,Tuesday,Q3
645,2015-07-15,2015,07,15,Wednesday,Q3
646,2015-07-16,2015,07,16,Thursday,Q3
647,2015-07-17,2015,07,17,Friday,Q3
648,2015-07-18,2015,07,18,Saturday,Q3
649,2015-07-19,2015,07,19,Sunday,Q3
650,2015-07-20,2015,07,20,Monday,Q3
651,2015-07-21,2015,07,21,Tuesday,Q3
652,2015-07-22,2015,07,22,Wednesday,Q3
653,2015-07-23,2015,07,23,Thursday,Q3
654,2015-07-24,2015,07,24,Friday,Q3
655,2015-07-25,2015,07,25,Saturday,Q3
656,2015-07-26,2015,07,26,Sunday,Q3
657,2015-07-27,2015,07,27,Monday,Q3
658,2015-07-28,2015,07,28,Tuesday,Q3
659,2015-07-29,2015,07,29,Wednesday,Q3
660,2015-07-30,2015,07,30,Thursday,Q3
661,2015-07-31,2015,07,31,Friday,Q3
662,2015-08-01,2015,08,01,Saturday,Q3
663,2015-08-02,2015,08,02,Sunday,Q3
664,2015-08-03,2015,08,03,Monday,Q3
665,2015-08-04,2015,08,04,Tuesday,Q3
666,2015-08-05,2015,08,05,Wednesday,Q3
667,2015-08-06,2015,08,06,Thursday,Q3
668,2015-08-07,2015,08,07,Friday,Q3
669,2015-08-08,2015,08,08,Saturday,Q3
670,2015-08-09,2015,08,09,Sunday,Q3
671,2015-08-10,2015,08,10,Monday,Q3
672,2015-08-11,2015,08,11,Tuesday,Q3
673,2015-08-12,2015,08,12,Wednesday,Q3
674,2015-08-13,2015,08,13,Thursday,Q3
675,2015-08-14,2015,08,14,Friday,Q3
676,2015-08-15,2015,08,15,Saturday,Q3
677,2015-08-16,2015,08,16,Sunday,Q3
678,2015-08-17,2015,08,17,Monday,Q3
679,2015-08-18,2015,08,18,Tuesday,Q3
680,2015-08-19,2015,08,19,Wednesday,Q3
681,2015-08-20,2015,08,20,Thursday,Q3
682,2015-08-21,2015,08,21,Friday,Q3
683,2015-08-22,2015,08,22,Saturday,Q3
684,2015-08-23,2015,08,23,Sunday,Q3
685,2015-08-24,2015,08,24,Monday,Q3
686,2015-08-25,2015,08,25,Tuesday,Q3
687,2015-08-26,2015,08,26,Wednesday,Q3
688,2015-08-27,2015,08,27,Thursday,Q3
689,2015-08-28,2015,08,28,Friday,Q3
690,2015-08-29,2015,08,29,Saturday,Q3
691,2015-08-30,2015,08,30,Sunday,Q3
692,2015-08-31,2015,08,31,Monday,Q3
693,2015-09-01,2015,09,01,Tuesday,Q3
694,2015-09-02,2015,09,02,Wednesday,Q3
695,2015-09-03,2015,09,03,Thursday,Q3
696,2015-09-04,2015,09,04,Friday,Q3
697,2015-09-05,2015,09,05,Saturday,Q3
698,2015-09-06,2015,09,06,Sunday,Q3
699,2015-09-07,2015,09,07,Monday,Q3
700,2015-09-08,2015,09,08,Tuesday,Q3
701,2015-09-09,2015,09,09,Wednesday,Q3
702,2015-09-10,2015,09,10,Thursday,Q3
703,2015-09-11,2015,09,11,Friday,Q3
704,2015-09-12,2015,09,12,Saturday,Q3
705,2015-09-13,2015,09,13,Sunday,Q3
706,2015-09-14,2015,09,14,Monday,Q3
707,2015-09-15,2015,09,15,Tuesday,Q3
708,2015-09-16,2015,09,16,Wednesday,Q3
709,2015-09-17,2015,09,17,Thursday,Q3
710,2015-09-18,2015,09,18,Friday,Q3
711,2015-09-19,2015,09,19,Saturday,Q3
712,2015-09-20,2015,09,20,Sunday,Q3
713,2015-09-21,2015,09,21,Monday,Q3
714,2015-09-22,2015,09,22,Tuesday,Q3
715,2015-09-23,2015,09,23,Wednesday,Q3
716,2015-09-24,2015,09,24,Thursday,Q3
717,2015-09-25,2015,09,25,Friday,Q3
718,2015-09-26,2015,09,26,Saturday,Q3
719,2015-09-27,2015,09,27,Sunday,Q3
720,2015-09-28,2015,09,28,Monday,Q3
721,2015-09-29,2015,09,29,Tuesday,Q3
722,2015-09-30,2015,09,30,Wednesday,Q3
723,2015-10-01,2015,10,01,Thursday,Q4
724,2015-10-02,2015,10,02,Friday,Q4
725,2015-10-03,2015,10,03,Saturday,Q4
726,2015-10-04,2015,10,04,Sunday,Q4
727,2015-10-05,2015,10,05,Monday,Q4
728,2015-10-06,2015,10,06,Tuesday,Q4
729,2015-10-07,2015,10,07,Wednesday,Q4
730,2015-10-08,2015,10,08,Thursday,Q4
731,2015-10-09,2015,10,09,Friday,Q4
732,2015-10-10,2015,10,10,Saturday,Q4
733,2015-10-11,2015,10,11,Sunday,Q4
734,2015-10-12,2015,10,12,Monday,Q4
735,2015-10-13,2015,10,13,Tuesday,Q4
736,2015-10-14,2015,10,14,Wednesday,Q4
737,2015-10-15,2015,10,15,Thursday,Q4
738,2015-10-16,2015,10,16,Friday,Q4
739,2015-10-17,2015,10,17,Saturday,Q4
740,2015-10-18,2015,10,18,Sunday,Q4
741,2015-10-19,2015,10,19,Monday,Q4
742,2015-10-20,2015,10,20,Tuesday,Q4
743,2015-10-21,2015,10,21,Wednesday,Q4
744,2015-10-22,2015,10,22,Thursday,Q4
745,2015-10-23,2015,10,23,Friday,Q4
746,2015-10-24,2015,10,24,Saturday,Q4
747,2015-10-25,2015,10,25,Sunday,Q4
748,2015-10-26,2015,10,26,Monday,Q4
749,2015-10-27,2015,10,27,Tuesday,Q4
750,2015-10-28,2015,10,28,Wednesday,Q4
751,2015-10-29,2015,10,29,Thursday,Q4
752,2015-10-30,2015,10,30,Friday,Q4
753,2015-10-31,2015,10,31,Saturday,Q4
754,2015-11-01,2015,11,01,Sunday,Q4
755,2015-11-02,2015,11,02,Monday,Q4
756,2015-11-03,2015,11,03,Tuesday,Q4
757,2015-11-04,2015,11,04,Wednesday,Q4
758,2015-11-05,2015,11,05,Thursday,Q4
759,2015-11-06,2015,11,06,Friday,Q4
760,2015-11-07,2015,11,07,Saturday,Q4
761,2015-11-08,2015,11,08,Sunday,Q4
762,2015-11-09,2015,11,09,Monday,Q4
763,2015-11-10,2015,11,10,Tuesday,Q4
764,2015-11-11,2015,11,11,Wednesday,Q4
765,2015-11-12,2015,11,12,Thursday,Q4
766,2015-11-13,2015,11,13,Friday,Q4
767,2015-11-14,2015,11,14,Saturday,Q4
768,2015-11-15,2015,11,15,Sunday,Q4
769,2015-11-16,2015,11,16,Monday,Q4
770,2015-11-17,2015,11,17,Tuesday,Q4
771,2015-11-18,2015,11,18,Wednesday,Q4
772,2015-11-19,2015,11,19,Thursday,Q4
773,2015-11-20,2015,11,20,Friday,Q4
774,2015-11-21,2015,11,21,Saturday,Q4
775,2015-11-22,2015,11,22,Sunday,Q4
776,2015-11-23,2015,11,23,Monday,Q4
777,2015-11-24,2015,11,24,Tuesday,Q4
778,2015-11-25,2015,11,25,Wednesday,Q4
779,2015-11-26,2015,11,26,Thursday,Q4
780,2015-11-27,2015,11,27,Friday,Q4
781,2015-11-28,2015,11,28,Saturday,Q4
782,2015-11-29,2015,11,29,Sunday,Q4
783,2015-11-30,2015,11,30,Monday,Q4
784,2015-12-01,2015,12,01,Tuesday,Q4
785,2015-12-02,2015,12,02,Wednesday,Q4
786,2015-12-03,2015,12,03,Thursday,Q4
787,2015-12-04,2015,12,04,Friday,Q4
788,2015-12-05,2015,12,05,Saturday,Q4
789,2015-12-06,2015,12,06,Sunday,Q4
790,2015-12-07,2015,12,07,Monday,Q4
791,2015-12-08,2015,12,08,Tuesday,Q4
792,2015-12-09,2015,12,09,Wednesday,Q4
793,2015-12-10,2015,12,10,Thursday,Q4
794,2015-12-11,2015,12,11,Friday,Q4
795,2015-12-12,2015,12,12,Saturday,Q4
796,2015-12-13,2015,12,13,Sunday,Q4
797,2015-12-14,2015,12,14,Monday,Q4
798,2015-12-15,2015,12,15,Tuesday,Q4
799,2015-12-16,2015,12,16,Wednesday,Q4
800,2015-12-17,2015,12,17,Thursday,Q4
801,2015-12-18,2015,12,18,Friday,Q4
802,2015-12-19,2015,12,19,Saturday,Q4
803,2015-12-20,2015,12,20,Sunday,Q4
804,2015-12-21,2015,12,21,Monday,Q4
805,2015-12-22,2015,12,22,Tuesday,Q4
806,2015-12-23,2015,12,23,Wednesday,Q4
807,2015-12-24,2015,12,24,Thursday,Q4
808,2015-12-25,2015,12,25,Friday,Q4
809,2015-12-26,2015,12,26,Saturday,Q4
810,2015-12-27,2015,12,27,Sunday,Q4
811,2015-12-28,2015,12,28,Monday,Q4
812,2015-12-29,2015,12,29,Tuesday,Q4
813,2015-12-30,2015,12,30,Wednesday,Q4
814,2015-12-31,2015,12,31,Thursday,Q4
815,2016-01-01,2016,01,01,Friday,Q1
816,2016-01-02,2016,01,02,Saturday,Q1
817,2016-01-03,2016,01,03,Sunday,Q1
818,2016-01-04,2016,01,04,Monday,Q1
819,2016-01-05,2016,01,05,Tuesday,Q1
820,2016-01-06,2016,01,06,Wednesday,Q1
821,2016-01-07,2016,01,07,Thursday,Q1
822,2016-01-08,2016,01,08,Friday,Q1
823,2016-01-09,2016,01,09,Saturday,Q1
824,2016-01-10,2016,01,10,Sunday,Q1
825,2016-01-11,2016,01,11,Monday,Q1
826,2016-01-12,2016,01,12,Tuesday,Q1
827,2016-01-13,2016,01,13,Wednesday,Q1
828,2016-01-14,2016,01,14,Thursday,Q1
829,2016-01-15,2016,01,15,Friday,Q1
830,2016-01-16,2016,01,16,Saturday,Q1
831,2016-01-17,2016,01,17,Sunday,Q1
832,2016-01-18,2016,01,18,Monday,Q1
833,2016-01-19,2016,01,19,Tuesday,Q1
834,2016-01-20,2016,01,20,Wednesday,Q1
835,2016-01-21,2016,01,21,Thursday,Q1
836,2016-01-22,2016,01,22,Friday,Q1
837,2016-01-23,2016,01,23,Saturday,Q1
838,2016-01-24,2016,01,24,Sunday,Q1
839,2016-01-25,2016,01,25,Monday,Q1
840,2016-01-26,2016,01,26,Tuesday,Q1
841,2016-01-27,2016,01,27,Wednesday,Q1
842,2016-01-28,2016,01,28,Thursday,Q1
843,2016-01-29,2016,01,29,Friday,Q1
844,2016-01-30,2016,01,30,Saturday,Q1
845,2016-01-31,2016,01,31,Sunday,Q1
846,2016-02-01,2016,02,01,Monday,Q1
847,2016-02-02,2016,02,02,Tuesday,Q1
848,2016-02-03,2016,02,03,Wednesday,Q1
849,2016-02-04,2016,02,04,Thursday,Q1
850,2016-02-05,2016,02,05,Friday,Q1
851,2016-02-06,2016,02,06,Saturday,Q1
852,2016-02-07,2016,02,07,Sunday,Q1
853,2016-02-08,2016,02,08,Monday,Q1
854,2016-02-09,2016,02,09,Tuesday,Q1
855,2016-02-10,2016,02,10,Wednesday,Q1
856,2016-02-11,2016,02,11,Thursday,Q1
857,2016-02-12,2016,02,12,Friday,Q1
858,2016-02-13,2016,02,13,Saturday,Q1
859,2016-02-14,2016,02,14,Sunday,Q1
860,2016-02-15,2016,02,15,Monday,Q1
861,2016-02-16,2016,02,16,Tuesday,Q1
862,2016-02-17,2016,02,17,Wednesday,Q1
863,2016-02-18,2016,02,18,Thursday,Q1
864,2016-02-19,2016,02,19,Friday,Q1
865,2016-02-20,2016,02,20,Saturday,Q1
866,2016-02-21,2016,02,21,Sunday,Q1
867,2016-02-22,2016,02,22,Monday,Q1
868,2016-02-23,2016,02,23,Tuesday,Q1
869,2016-02-24,2016,02,24,Wednesday,Q1
870,2016-02-25,2016,02,25,Thursday,Q1
871,2016-02-26,2016,02,26,Friday,Q1
872,2016-02-27,2016,02,27,Saturday,Q1
873,2016-02-28,2016,02,28,Sunday,Q1
874,2016-02-29,2016,02,29,Monday,Q1
875,2016-03-01,2016,03,01,Tuesday,Q1
876,2016-03-02,2016,03,02,Wednesday,Q1
877,2016-03-03,2016,03,03,Thursday,Q1
878,2016-03-04,2016,03,04,Friday,Q1
879,2016-03-05,2016,03,05,Saturday,Q1
880,2016-03-06,2016,03,06,Sunday,Q1
881,2016-03-07,2016,03,07,Monday,Q1
882,2016-03-08,2016,03,08,Tuesday,Q1
883,2016-03-09,2016,03,09,Wednesday,Q1
884,2016-03-10,2016,03,10,Thursday,Q1
885,2016-03-11,2016,03,11,Friday,Q1
886,2016-03-12,2016,03,12,Saturday,Q1
887,2016-03-13,2016,03,13,Sunday,Q1
888,2016-03-14,2016,03,14,Monday,Q1
889,2016-03-15,2016,03,15,Tuesday,Q1
890,2016-03-16,2016,03,16,Wednesday,Q1
891,2016-03-17,2016,03,17,Thursday,Q1
892,2016-03-18,2016,03,18,Friday,Q1
893,2016-03-19,2016,03,19,Saturday,Q1
894,2016-03-20,2016,03,20,Sunday,Q1
895,2016-03-21,2016,03,21,Monday,Q1
896,2016-03-22,2016,03,22,Tuesday,Q1
897,2016-03-23,2016,03,23,Wednesday,Q1
898,2016-03-24,2016,03,24,Thursday,Q1
899,2016-03-25,2016,03,25,Friday,Q1
900,2016-03-26,2016,03,26,Saturday,Q1
901,2016-03-27,2016,03,27,Sunday,Q1
902,2016-03-28,2016,03,28,Monday,Q1
903,2016-03-29,2016,03,29,Tuesday,Q1
904,2016-03-30,2016,03,30,Wednesday,Q1
905,2016-03-31,2016,03,31,Thursday,Q1
906,2016-04-01,2016,04,01,Friday,Q2
907,2016-04-02,2016,04,02,Saturday,Q2
908,2016-04-03,2016,04,03,Sunday,Q2
909,2016-04-04,2016,04,04,Monday,Q2
910,2016-04-05,2016,04,05,Tuesday,Q2
911,2016-04-06,2016,04,06,Wednesday,Q2
912,2016-04-07,2016,04,07,Thursday,Q2
913,2016-04-08,2016,04,08,Friday,Q2
914,2016-04-09,2016,04,09,Saturday,Q2
915,2016-04-10,2016,04,10,Sunday,Q2
916,2016-04-11,2016,04,11,Monday,Q2
917,2016-04-12,2016,04,12,Tuesday,Q2
918,2016-04-13,2016,04,13,Wednesday,Q2
919,2016-04-14,2016,04,14,Thursday,Q2
920,2016-04-15,2016,04,15,Friday,Q2
921,2016-04-16,2016,04,16,Saturday,Q2
922,2016-04-17,2016,04,17,Sunday,Q2
923,2016-04-18,2016,04,18,Monday,Q2
924,2016-04-19,2016,04,19,Tuesday,Q2
925,2016-04-20,2016,04,20,Wednesday,Q2
926,2016-04-21,2016,04,21,Thursday,Q2
927,2016-04-22,2016,04,22,Friday,Q2
928,2016-04-23,2016,04,23,Saturday,Q2
929,2016-04-24,2016,04,24,Sunday,Q2
930,2016-04-25,2016,04,25,Monday,Q2
931,2016-04-26,2016,04,26,Tuesday,Q2
932,2016-04-27,2016,04,27,Wednesday,Q2
933,2016-04-28,2016,04,28,Thursday,Q2
934,2016-04-29,2016,04,29,Friday,Q2
935,2016-04-30,2016,04,30,Saturday,Q2
936,2016-05-01,2016,05,01,Sunday,Q2
937,2016-05-02,2016,05,02,Monday,Q2
938,2016-05-03,2016,05,03,Tuesday,Q2
939,2016-05-04,2016,05,04,Wednesday,Q2
940,2016-05-05,2016,05,05,Thursday,Q2
941,2016-05-06,2016,05,06,Friday,Q2
942,2016-05-07,2016,05,07,Saturday,Q2
943,2016-05-08,2016,05,08,Sunday,Q2
944,2016-05-09,2016,05,09,Monday,Q2
945,2016-05-10,2016,05,10,Tuesday,Q2
946,2016-05-11,2016,05,11,Wednesday,Q2
947,2016-05-12,2016,05,12,Thursday,Q2
948,2016-05-13,2016,05,13,Friday,Q2
949,2016-05-14,2016,05,14,Saturday,Q2
950,2016-05-15,2016,05,15,Sunday,Q2
951,2016-05-16,2016,05,16,Monday,Q2
952,2016-05-17,2016,05,17,Tuesday,Q2
953,2016-05-18,2016,05,18,Wednesday,Q2
954,2016-05-19,2016,05,19,Thursday,Q2
955,2016-05-20,2016,05,20,Friday,Q2
956,2016-05-21,2016,05,21,Saturday,Q2
957,2016-05-22,2016,05,22,Sunday,Q2
958,2016-05-23,2016,05,23,Monday,Q2
959,2016-05-24,2016,05,24,Tuesday,Q2
960,2016-05-25,2016,05,25,Wednesday,Q2
961,2016-05-26,2016,05,26,Thursday,Q2
962,2016-05-27,2016,05,27,Friday,Q2
963,2016-05-28,2016,05,28,Saturday,Q2
964,2016-05-29,2016,05,29,Sunday,Q2
965,2016-05-30,2016,05,30,Monday,Q2
966,2016-05-31,2016,05,31,Tuesday,Q2
967,2016-06-01,2016,06,01,Wednesday,Q2
968,2016-06-02,2016,06,02,Thursday,Q2
969,2016-06-03,2016,06,03,Friday,Q2
970,2016-06-04,2016,06,04,Saturday,Q2
971,2016-06-05,2016,06,05,Sunday,Q2
972,2016-06-06,2016,06,06,Monday,Q2
973,2016-06-07,2016,06,07,Tuesday,Q2
974,2016-06-08,2016,06,08,Wednesday,Q2
975,2016-06-09,2016,06,09,Thursday,Q2
976,2016-06-10,2016,06,10,Friday,Q2
977,2016-06-11,2016,06,11,Saturday,Q2
978,2016-06-12,2016,06,12,Sunday,Q2
979,2016-06-13,2016,06,13,Monday,Q2
980,2016-06-14,2016,06,14,Tuesday,Q2
981,2016-06-15,2016,06,15,Wednesday,Q2
982,2016-06-16,2016,06,16,Thursday,Q2
983,2016-06-18,2016,06,18,Saturday,Q2
984,2016-06-19,2016,06,19,Sunday,Q2
985,2016-06-20,2016,06,20,Monday,Q2
986,2016-06-21,2016,06,21,Tuesday,Q2
987,2016-06-22,2016,06,22,Wednesday,Q2
988,2016-06-23,2016,06,23,Thursday,Q2
989,2016-06-24,2016,06,24,Friday,Q2
990,2016-06-25,2016,06,25,Saturday,Q2
991,2016-06-26,2016,06,26,Sunday,Q2
992,2016-06-27,2016,06,27,Monday,Q2
993,2016-06-28,2016,06,28,Tuesday,Q2
994,2016-06-29,2016,06,29,Wednesday,Q2
995,2016-06-30,2016,06,30,Thursday,Q2
996,2016-07-01,2016,07,01,Friday,Q3
997,2016-07-02,2016,07,02,Saturday,Q3
998,2016-07-03,2016,07,03,Sunday,Q3
999,2016-07-04,2016,07,04,Monday,Q3
1000,2016-07-05,2016,07,05,Tuesday,Q3
1001,2016-07-06,2016,07,06,Wednesday,Q3
1002,2016-07-07,2016,07,07,Thursday,Q3
1003,2016-07-08,2016,07,08,Friday,Q3
1004,2016-07-09,2016,07,09,Saturday,Q3
1005,2016-07-10,2016,07,10,Sunday,Q3
1006,2016-07-11,2016,07,11,Monday,Q3
1007,2016-07-12,2016,07,12,Tuesday,Q3
1008,2016-07-13,2016,07,13,Wednesday,Q3
1009,2016-07-14,2016,07,14,Thursday,Q3
1010,2016-07-15,2016,07,15,Friday,Q3
1011,2016-07-16,2016,07,16,Saturday,Q3
1012,2016-07-17,2016,07,17,Sunday,Q3
1013,2016-07-18,2016,07,18,Monday,Q3
1014,2016-07-19,2016,07,19,Tuesday,Q3
1015,2016-07-20,2016,07,20,Wednesday,Q3
1016,2016-07-21,2016,07,21,Thursday,Q3
1017,2016-07-22,2016,07,22,Friday,Q3
1018,2016-07-23,2016,07,23,Saturday,Q3
1019,2016-07-24,2016,07,24,Sunday,Q3
1020,2016-07-25,2016,07,25,Monday,Q3
1021,2016-07-26,2016,07,26,Tuesday,Q3
1022,2016-07-27,2016,07,27,Wednesday,Q3
1023,2016-07-28,2016,07,28,Thursday,Q3
1024,2016-07-29,2016,07,29,Friday,Q3
1025,2016-07-30,2016,07,30,Saturday,Q3
1026,2016-07-31,2016,07,31,Sunday,Q3
1027,2016-08-01,2016,08,01,Monday,Q3
1028,2016-08-02,2016,08,02,Tuesday,Q3
1029,2016-08-03,2016,08,03,Wednesday,Q3
1030,2016-08-04,2016,08,04,Thursday,Q3
1031,2016-08-05,2016,08,05,Friday,Q3
1032,2016-08-06,2016,08,06,Saturday,Q3
1033,2016-08-07,2016,08,07,Sunday,Q3
1034,2016-08-08,2016,08,08,Monday,Q3
1035,2016-08-09,2016,08,09,Tuesday,Q3
1036,2016-08-10,2016,08,10,Wednesday,Q3
1037,2016-08-11,2016,08,11,Thursday,Q3
1038,2016-08-12,2016,08,12,Friday,Q3
1039,2016-08-13,2016,08,13,Saturday,Q3
1040,2016-08-14,2016,08,14,Sunday,Q3
1041,2016-08-15,2016,08,15,Monday,Q3
1042,2016-08-16,2016,08,16,Tuesday,Q3
1043,2016-08-17,2016,08,17,Wednesday,Q3
1044,2016-08-18,2016,08,18,Thursday,Q3
1045,2016-08-19,2016,08,19,Friday,Q3
1046,2016-08-20,2016,08,20,Saturday,Q3
1047,2016-08-21,2016,08,21,Sunday,Q3
1048,2016-08-22,2016,08,22,Monday,Q3
1049,2016-08-23,2016,08,23,Tuesday,Q3
1050,2016-08-24,2016,08,24,Wednesday,Q3
1051,2016-08-25,2016,08,25,Thursday,Q3
1052,2016-08-26,2016,08,26,Friday,Q3
1053,2016-08-27,2016,08,27,Saturday,Q3
1054,2016-08-28,2016,08,28,Sunday,Q3
1055,2016-08-29,2016,08,29,Monday,Q3
1056,2016-08-30,2016,08,30,Tuesday,Q3
1057,2016-08-31,2016,08,31,Wednesday,Q3
1058,2016-09-01,2016,09,01,Thursday,Q3
1059,2016-09-02,2016,09,02,Friday,Q3
1060,2016-09-03,2016,09,03,Saturday,Q3
1061,2016-09-04,2016,09,04,Sunday,Q3
1062,2016-09-05,2016,09,05,Monday,Q3
1063,2016-09-06,2016,09,06,Tuesday,Q3
1064,2016-09-07,2016,09,07,Wednesday,Q3
1065,2016-09-08,2016,09,08,Thursday,Q3
1066,2016-09-09,2016,09,09,Friday,Q3
1067,2016-09-10,2016,09,10,Saturday,Q3
1068,2016-09-11,2016,09,11,Sunday,Q3
1069,2016-09-12,2016,09,12,Monday,Q3
1070,2016-09-13,2016,09,13,Tuesday,Q3
1071,2016-09-14,2016,09,14,Wednesday,Q3
1072,2016-09-15,2016,09,15,Thursday,Q3
1073,2016-09-16,2016,09,16,Friday,Q3
1074,2016-09-17,2016,09,17,Saturday,Q3
1075,2016-09-18,2016,09,18,Sunday,Q3
1076,2016-09-19,2016,09,19,Monday,Q3
1077,2016-09-20,2016,09,20,Tuesday,Q3
1078,2016-09-21,2016,09,21,Wednesday,Q3
1079,2016-09-22,2016,09,22,Thursday,Q3
1080,2016-09-23,2016,09,23,Friday,Q3
1081,2016-09-24,2016,09,24,Saturday,Q3
1082,2016-09-25,2016,09,25,Sunday,Q3
1083,2016-09-26,2016,09,26,Monday,Q3
1084,2016-09-27,2016,09,27,Tuesday,Q3
1085,2016-09-28,2016,09,28,Wednesday,Q3
1086,2016-09-29,2016,09,29,Thursday,Q3
1087,2016-09-30,2016,09,30,Friday,Q3
1088,2016-10-01,2016,10,01,Saturday,Q4
1089,2016-10-02,2016,10,02,Sunday,Q4
1090,2016-10-03,2016,10,03,Monday,Q4
1091,2016-10-04,2016,10,04,Tuesday,Q4
1092,2016-10-05,2016,10,05,Wednesday,Q4
1093,2016-10-06,2016,10,06,Thursday,Q4
1094,2016-10-07,2016,10,07,Friday,Q4
1095,2016-10-08,2016,10,08,Saturday,Q4
1096,2016-10-09,2016,10,09,Sunday,Q4
1097,2016-10-10,2016,10,10,Monday,Q4
1098,2016-10-11,2016,10,11,Tuesday,Q4
1099,2016-10-12,2016,10,12,Wednesday,Q4
1100,2016-10-13,2016,10,13,Thursday,Q4
1101,2016-10-14,2016,10,14,Friday,Q4
1102,2016-10-15,2016,10,15,Saturday,Q4
1103,2016-10-16,2016,10,16,Sunday,Q4
1104,2016-10-17,2016,10,17,Monday,Q4
1105,2016-10-18,2016,10,18,Tuesday,Q4
1106,2016-10-19,2016,10,19,Wednesday,Q4
1107,2016-10-20,2016,10,20,Thursday,Q4
1108,2016-10-21,2016,10,21,Friday,Q4
1109,2016-10-22,2016,10,22,Saturday,Q4
1110,2016-10-23,2016,10,23,Sunday,Q4
1111,2016-10-24,2016,10,24,Monday,Q4
1112,2016-10-25,2016,10,25,Tuesday,Q4
1113,2016-10-26,2016,10,26,Wednesday,Q4
1114,2016-10-27,2016,10,27,Thursday,Q4
1115,2016-10-28,2016,10,28,Friday,Q4
1116,2016-10-29,2016,10,29,Saturday,Q4
1117,2016-10-30,2016,10,30,Sunday,Q4
1118,2016-10-31,2016,10,31,Monday,Q4
1119,2016-11-01,2016,11,01,Tuesday,Q4
1120,2016-11-02,2016,11,02,Wednesday,Q4
1121,2016-11-03,2016,11,03,Thursday,Q4
1122,2016-11-04,2016,11,04,Friday,Q4
1123,2016-11-05,2016,11,05,Saturday,Q4
1124,2016-11-06,2016,11,06,Sunday,Q4
1125,2016-11-07,2016,11,07,Monday,Q4
1126,2016-11-08,2016,11,08,Tuesday,Q4
1127,2016-11-09,2016,11,09,Wednesday,Q4
1128,2016-11-10,2016,11,10,Thursday,Q4
1129,2016-11-11,2016,11,11,Friday,Q4
1130,2016-11-12,2016,11,12,Saturday,Q4
1131,2016-11-13,2016,11,13,Sunday,Q4
1132,2016-11-14,2016,11,14,Monday,Q4
1133,2016-11-15,2016,11,15,Tuesday,Q4
1134,2016-11-16,2016,11,16,Wednesday,Q4
1135,2016-11-17,2016,11,17,Thursday,Q4
1136,2016-11-18,2016,11,18,Friday,Q4
1137,2016-11-19,2016,11,19,Saturday,Q4
1138,2016-11-20,2016,11,20,Sunday,Q4
1139,2016-11-21,2016,11,21,Monday,Q4
1140,2016-11-22,2016,11,22,Tuesday,Q4
1141,2016-11-23,2016,11,23,Wednesday,Q4
1142,2016-11-24,2016,11,24,Thursday,Q4
1143,2016-11-25,2016,11,25,Friday,Q4
1144,2016-11-26,2016,11,26,Saturday,Q4
1145,2016-11-27,2016,11,27,Sunday,Q4
1146,2016-11-28,2016,11,28,Monday,Q4
1147,2016-11-29,2016,11,29,Tuesday,Q4
1148,2016-11-30,2016,11,30,Wednesday,Q4
1149,2016-12-01,2016,12,01,Thursday,Q4
1150,2016-12-02,2016,12,02,Friday,Q4
1151,2016-12-03,2016,12,03,Saturday,Q4
1152,2016-12-04,2016,12,04,Sunday,Q4
1153,2016-12-05,2016,12,05,Monday,Q4
1154,2016-12-06,2016,12,06,Tuesday,Q4
1155,2016-12-07,2016,12,07,Wednesday,Q4
1156,2016-12-08,2016,12,08,Thursday,Q4
1157,2016-12-09,2016,12,09,Friday,Q4
1158,2016-12-10,2016,12,10,Saturday,Q4
1159,2016-12-11,2016,12,11,Sunday,Q4
1160,2016-12-12,2016,12,12,Monday,Q4
1161,2016-12-13,2016,12,13,Tuesday,Q4
1162,2016-12-14,2016,12,14,Wednesday,Q4
1163,2016-12-15,2016,12,15,Thursday,Q4
1164,2016-12-16,2016,12,16,Friday,Q4
1165,2016-12-17,2016,12,17,Saturday,Q4
1166,2016-12-18,2016,12,18,Sunday,Q4
1167,2016-12-19,2016,12,19,Monday,Q4
1168,2016-12-20,2016,12,20,Tuesday,Q4
1169,2016-12-21,2016,12,21,Wednesday,Q4
1170,2016-12-22,2016,12,22,Thursday,Q4
1171,2016-12-23,2016,12,23,Friday,Q4
1172,2016-12-24,2016,12,24,Saturday,Q4
1173,2016-12-25,2016,12,25,Sunday,Q4
1174,2016-12-26,2016,12,26,Monday,Q4
1175,2016-12-27,2016,12,27,Tuesday,Q4
1176,2016-12-28,2016,12,28,Wednesday,Q4
1177,2016-12-29,2016,12,29,Thursday,Q4
1178,2016-12-30,2016,12,30,Friday,Q4
1179,2016-12-31,2016,12,31,Saturday,Q4
1180,2017-01-01,2017,01,01,Sunday,Q1
1181,2017-01-02,2017,01,02,Monday,Q1
1182,2017-01-03,2017,01,03,Tuesday,Q1
1183,2017-01-04,2017,01,04,Wednesday,Q1
1184,2017-01-05,2017,01,05,Thursday,Q1
1185,2017-01-06,2017,01,06,Friday,Q1
1186,2017-01-07,2017,01,07,Saturday,Q1
1187,2017-01-08,2017,01,08,Sunday,Q1
1188,2017-01-09,2017,01,09,Monday,Q1
1189,2017-01-10,2017,01,10,Tuesday,Q1
1190,2017-01-11,2017,01,11,Wednesday,Q1
1191,2017-01-12,2017,01,12,Thursday,Q1
1192,2017-01-13,2017,01,13,Friday,Q1
1193,2017-01-14,2017,01,14,Saturday,Q1
1194,2017-01-15,2017,01,15,Sunday,Q1
1195,2017-01-16,2017,01,16,Monday,Q1
1196,2017-01-17,2017,01,17,Tuesday,Q1
1197,2017-01-18,2017,01,18,Wednesday,Q1
1198,2017-01-19,2017,01,19,Thursday,Q1
1199,2017-01-20,2017,01,20,Friday,Q1
1200,2017-01-21,2017,01,21,Saturday,Q1
1201,2017-01-22,2017,01,22,Sunday,Q1
1202,2017-01-23,2017,01,23,Monday,Q1
1203,2017-01-25,2017,01,25,Wednesday,Q1
1204,2017-01-26,2017,01,26,Thursday,Q1
1205,2017-01-27,2017,01,27,Friday,Q1
1206,2017-01-28,2017,01,28,Saturday,Q1
1207,2017-01-29,2017,01,29,Sunday,Q1
1208,2017-01-30,2017,01,30,Monday,Q1
1209,2017-01-31,2017,01,31,Tuesday,Q1
1210,2017-02-01,2017,02,01,Wednesday,Q1
1211,2017-02-02,2017,02,02,Thursday,Q1
1212,2017-02-03,2017,02,03,Friday,Q1
1213,2017-02-04,2017,02,04,Saturday,Q1
1214,2017-02-05,2017,02,05,Sunday,Q1
1215,2017-02-06,2017,02,06,Monday,Q1
1216,2017-02-07,2017,02,07,Tuesday,Q1
1217,2017-02-08,2017,02,08,Wednesday,Q1
1218,2017-02-09,2017,02,09,Thursday,Q1
1219,2017-02-10,2017,02,10,Friday,Q1
1220,2017-02-11,2017,02,11,Saturday,Q1
1221,2017-02-12,2017,02,12,Sunday,Q1
1222,2017-02-13,2017,02,13,Monday,Q1
1223,2017-02-14,2017,02,14,Tuesday,Q1
1224,2017-02-15,2017,02,15,Wednesday,Q1
1225,2017-02-16,2017,02,16,Thursday,Q1
1226,2017-02-17,2017,02,17,Friday,Q1
1227,2017-02-18,2017,02,18,Saturday,Q1
1228,2017-02-19,2017,02,19,Sunday,Q1
1229,2017-02-20,2017,02,20,Monday,Q1
1230,2017-02-21,2017,02,21,Tuesday,Q1
1231,2017-02-22,2017,02,22,Wednesday,Q1
1232,2017-02-23,2017,02,23,Thursday,Q1
1233,2017-02-24,2017,02,24,Friday,Q1
1234,2017-02-25,2017,02,25,Saturday,Q1
1235,2017-02-26,2017,02,26,Sunday,Q1
1236,2017-02-27,2017,02,27,Monday,Q1
1237,2017-02-28,2017,02,28,Tuesday,Q1
1238,2017-03-01,2017,03,01,Wednesday,Q1
1239,2017-03-02,2017,03,02,Thursday,Q1
1240,2017-03-03,2017,03,03,Friday,Q1
1241,2017-03-04,2017,03,04,Saturday,Q1
1242,2017-03-05,2017,03,05,Sunday,Q1
1243,2017-03-06,2017,03,06,Monday,Q1
1244,2017-03-07,2017,03,07,Tuesday,Q1
1245,2017-03-08,2017,03,08,Wednesday,Q1
1246,2017-03-09,2017,03,09,Thursday,Q1
1247,2017-03-10,2017,03,10,Friday,Q1
1248,2017-03-11,2017,03,11,Saturday,Q1
1249,2017-03-12,2017,03,12,Sunday,Q1
1250,2017-03-13,2017,03,13,Monday,Q1
1251,2017-03-14,2017,03,14,Tuesday,Q1
1252,2017-03-15,2017,03,15,Wednesday,Q1
1253,2017-03-16,2017,03,16,Thursday,Q1
1254,2017-03-17,2017,03,17,Friday,Q1
1255,2017-03-18,2017,03,18,Saturday,Q1
1256,2017-03-19,2017,03,19,Sunday,Q1
1257,2017-03-20,2017,03,20,Monday,Q1
1258,2017-03-21,2017,03,21,Tuesday,Q1
1259,2017-03-22,2017,03,22,Wednesday,Q1
1260,2017-03-23,2017,03,23,Thursday,Q1
1261,2017-03-24,2017,03,24,Friday,Q1
1262,2017-03-25,2017,03,25,Saturday,Q1
1263,2017-03-26,2017,03,26,Sunday,Q1
1264,2017-03-27,2017,03,27,Monday,Q1
1265,2017-03-28,2017,03,28,Tuesday,Q1
1266,2017-03-29,2017,03,29,Wednesday,Q1
1267,2017-03-30,2017,03,30,Thursday,Q1
1268,2017-03-31,2017,03,31,Friday,Q1
1269,2017-04-01,2017,04,01,Saturday,Q2
1270,2017-04-02,2017,04,02,Sunday,Q2
1271,2017-04-03,2017,04,03,Monday,Q2
1272,2017-04-04,2017,04,04,Tuesday,Q2
1273,2017-04-05,2017,04,05,Wednesday,Q2
1274,2017-04-06,2017,04,06,Thursday,Q2
1275,2017-04-07,2017,04,07,Friday,Q2
1276,2017-04-08,2017,04,08,Saturday,Q2
1277,2017-04-09,2017,04,09,Sunday,Q2
1278,2017-04-10,2017,04,10,Monday,Q2
1279,2017-04-11,2017,04,11,Tuesday,Q2
1280,2017-04-12,2017,04,12,Wednesday,Q2
1281,2017-04-13,2017,04,13,Thursday,Q2
1282,2017-04-14,2017,04,14,Friday,Q2
1283,2017-04-15,2017,04,15,Saturday,Q2
1284,2017-04-16,2017,04,16,Sunday,Q2
1285,2017-04-17,2017,04,17,Monday,Q2
1286,2017-04-18,2017,04,18,Tuesday,Q2
1287,2017-04-19,2017,04,19,Wednesday,Q2
1288,2017-04-20,2017,04,20,Thursday,Q2
1289,2017-04-21,2017,04,21,Friday,Q2
1290,2017-04-22,2017,04,22,Saturday,Q2
1291,2017-04-23,2017,04,23,Sunday,Q2
1292,2017-04-24,2017,04,24,Monday,Q2
1293,2017-04-25,2017,04,25,Tuesday,Q2
1294,2017-04-26,2017,04,26,Wednesday,Q2
1295,2017-04-27,2017,04,27,Thursday,Q2
1296,2017-04-28,2017,04,28,Friday,Q2
1297,2017-04-29,2017,04,29,Saturday,Q2
1298,2017-04-30,2017,04,30,Sunday,Q2
1299,2017-05-01,2017,05,01,Monday,Q2
1300,2017-05-02,2017,05,02,Tuesday,Q2
1301,2017-05-03,2017,05,03,Wednesday,Q2
1302,2017-05-04,2017,05,04,Thursday,Q2
1303,2017-05-05,2017,05,05,Friday,Q2
1304,2017-05-06,2017,05,06,Saturday,Q2
1305,2017-05-07,2017,05,07,Sunday,Q2
1306,2017-05-08,2017,05,08,Monday,Q2
1307,2017-05-09,2017,05,09,Tuesday,Q2
1308,2017-05-10,2017,05,10,Wednesday,Q2
1309,2017-05-11,2017,05,11,Thursday,Q2
1310,2017-05-12,2017,05,12,Friday,Q2
1311,2017-05-13,2017,05,13,Saturday,Q2
1312,2017-05-14,2017,05,14,Sunday,Q2
1313,2017-05-15,2017,05,15,Monday,Q2
1314,2017-05-16,2017,05,16,Tuesday,Q2
1315,2017-05-17,2017,05,17,Wednesday,Q2
1316,2017-05-18,2017,05,18,Thursday,Q2
1317,2017-05-19,2017,05,19,Friday,Q2
1318,2017-05-20,2017,05,20,Saturday,Q2
1319,2017-05-21,2017,05,21,Sunday,Q2
1320,2017-05-22,2017,05,22,Monday,Q2
1321,2017-05-23,2017,05,23,Tuesday,Q2
1322,2017-05-24,2017,05,24,Wednesday,Q2
1323,2017-05-25,2017,05,25,Thursday,Q2
1324,2017-05-26,2017,05,26,Friday,Q2
1325,2017-05-27,2017,05,27,Saturday,Q2
1326,2017-05-28,2017,05,28,Sunday,Q2
1327,2017-05-29,2017,05,29,Monday,Q2
1328,2017-05-30,2017,05,30,Tuesday,Q2
1329,2017-05-31,2017,05,31,Wednesday,Q2
1330,2017-06-01,2017,06,01,Thursday,Q2
1331,2017-06-02,2017,06,02,Friday,Q2
1332,2017-06-03,2017,06,03,Saturday,Q2
1333,2017-06-04,2017,06,04,Sunday,Q2
1334,2017-06-05,2017,06,05,Monday,Q2
1335,2017-06-06,2017,06,06,Tuesday,Q2
1336,2017-06-07,2017,06,07,Wednesday,Q2
1337,2017-06-08,2017,06,08,Thursday,Q2
1338,2017-06-09,2017,06,09,Friday,Q2
1339,2017-06-10,2017,06,10,Saturday,Q2
1340,2017-06-11,2017,06,11,Sunday,Q2
1341,2017-06-12,2017,06,12,Monday,Q2
1342,2017-06-13,2017,06,13,Tuesday,Q2
1343,2017-06-14,2017,06,14,Wednesday,Q2
1344,2017-06-15,2017,06,15,Thursday,Q2
1345,2017-06-16,2017,06,16,Friday,Q2
1346,2017-06-17,2017,06,17,Saturday,Q2
1347,2017-06-18,2017,06,18,Sunday,Q2
1348,2017-06-19,2017,06,19,Monday,Q2
1349,2017-06-20,2017,06,20,Tuesday,Q2
1350,2017-06-21,2017,06,21,Wednesday,Q2
1351,2017-06-22,2017,06,22,Thursday,Q2
1352,2017-06-23,2017,06,23,Friday,Q2
1353,2017-06-24,2017,06,24,Saturday,Q2
1354,2017-06-25,2017,06,25,Sunday,Q2
1355,2017-06-26,2017,06,26,Monday,Q2
1356,2017-06-27,2017,06,27,Tuesday,Q2
1357,2017-06-28,2017,06,28,Wednesday,Q2
1358,2017-06-29,2017,06,29,Thursday,Q2
1359,2017-06-30,2017,06,30,Friday,Q2
1360,2017-07-01,2017,07,01,Saturday,Q3
1361,2017-07-02,2017,07,02,Sunday,Q3
1362,2017-07-03,2017,07,03,Monday,Q3
1363,2017-07-04,2017,07,04,Tuesday,Q3
1364,2017-07-05,2017,07,05,Wednesday,Q3
1365,2017-07-06,2017,07,06,Thursday,Q3
1366,2017-07-07,2017,07,07,Friday,Q3
1367,2017-07-08,2017,07,08,Saturday,Q3
1368,2017-07-09,2017,07,09,Sunday,Q3
1369,2017-07-10,2017,07,10,Monday,Q3
1370,2017-07-11,2017,07,11,Tuesday,Q3
1371,2017-07-12,2017,07,12,Wednesday,Q3
1372,2017-07-13,2017,07,13,Thursday,Q3
1373,2017-07-14,2017,07,14,Friday,Q3
1374,2017-07-15,2017,07,15,Saturday,Q3
1375,2017-07-16,2017,07,16,Sunday,Q3
1376,2017-07-17,2017,07,17,Monday,Q3
1377,2017-07-18,2017,07,18,Tuesday,Q3
1378,2017-07-19,2017,07,19,Wednesday,Q3
1379,2017-07-20,2017,07,20,Thursday,Q3
1380,2017-07-21,2017,07,21,Friday,Q3
1381,2017-07-22,2017,07,22,Saturday,Q3
1382,2017-07-23,2017,07,23,Sunday,Q3
1383,2017-07-24,2017,07,24,Monday,Q3
1384,2017-07-25,2017,07,25,Tuesday,Q3
1385,2017-07-26,2017,07,26,Wednesday,Q3
1386,2017-07-27,2017,07,27,Thursday,Q3
1387,2017-07-28,2017,07,28,Friday,Q3
1388,2017-07-29,2017,07,29,Saturday,Q3
1389,2017-07-30,2017,07,30,Sunday,Q3
1390,2017-07-31,2017,07,31,Monday,Q3
1391,2017-08-01,2017,08,01,Tuesday,Q3
1392,2017-08-02,2017,08,02,Wednesday,Q3
1393,2017-08-03,2017,08,03,Thursday,Q3
1394,2017-08-04,2017,08,04,Friday,Q3
1395,2017-08-05,2017,08,05,Saturday,Q3
1396,2017-08-06,2017,08,06,Sunday,Q3
1397,2017-08-07,2017,08,07,Monday,Q3
1398,2017-08-08,2017,08,08,Tuesday,Q3
1399,2017-08-09,2017,08,09,Wednesday,Q3
1400,2017-08-10,2017,08,10,Thursday,Q3
1401,2017-08-11,2017,08,11,Friday,Q3
1402,2017-08-12,2017,08,12,Saturday,Q3
1403,2017-08-13,2017,08,13,Sunday,Q3
1404,2017-08-14,2017,08,14,Monday,Q3
1405,2017-08-15,2017,08,15,Tuesday,Q3
1406,2017-08-16,2017,08,16,Wednesday,Q3
1407,2017-08-17,2017,08,17,Thursday,Q3
1408,2017-08-18,2017,08,18,Friday,Q3
1409,2017-08-19,2017,08,19,Saturday,Q3
1410,2017-08-20,2017,08,20,Sunday,Q3
1411,2017-08-21,2017,08,21,Monday,Q3
1412,2017-08-22,2017,08,22,Tuesday,Q3
1413,2017-08-23,2017,08,23,Wednesday,Q3
1414,2017-08-24,2017,08,24,Thursday,Q3
1415,2017-08-25,2017,08,25,Friday,Q3
1416,2017-08-26,2017,08,26,Saturday,Q3
1417,2017-08-27,2017,08,27,Sunday,Q3
1418,2017-08-28,2017,08,28,Monday,Q3
1419,2017-08-29,2017,08,29,Tuesday,Q3
1420,2017-08-30,2017,08,30,Wednesday,Q3
1421,2017-08-31,2017,08,31,Thursday,Q3
1422,2017-09-01,2017,09,01,Friday,Q3
1423,2017-09-02,2017,09,02,Saturday,Q3
1424,2017-09-03,2017,09,03,Sunday,Q3
1425,2017-09-04,2017,09,04,Monday,Q3
1426,2017-09-05,2017,09,05,Tuesday,Q3
1427,2017-09-06,2017,09,06,Wednesday,Q3
1428,2017-09-07,2017,09,07,Thursday,Q3
1429,2017-09-08,2017,09,08,Friday,Q3
1430,2017-09-09,2017,09,09,Saturday,Q3
1431,2017-09-10,2017,09,10,Sunday,Q3
1432,2017-09-11,2017,09,11,Monday,Q3
1433,2017-09-12,2017,09,12,Tuesday,Q3
1434,2017-09-13,2017,09,13,Wednesday,Q3
1435,2017-09-14,2017,09,14,Thursday,Q3
1436,2017-09-15,2017,09,15,Friday,Q3
1437,2017-09-16,2017,09,16,Saturday,Q3
1438,2017-09-17,2017,09,17,Sunday,Q3
1439,2017-09-18,2017,09,18,Monday,Q3
1440,2017-09-19,2017,09,19,Tuesday,Q3
1441,2017-09-20,2017,09,20,Wednesday,Q3
1442,2017-09-21,2017,09,21,Thursday,Q3
1443,2017-09-22,2017,09,22,Friday,Q3
1444,2017-09-23,2017,09,23,Saturday,Q3
1445,2017-09-24,2017,09,24,Sunday,Q3
1446,2017-09-25,2017,09,25,Monday,Q3
1447,2017-09-26,2017,09,26,Tuesday,Q3
1448,2017-09-27,2017,09,27,Wednesday,Q3
1449,2017-09-28,2017,09,28,Thursday,Q3
1450,2017-09-29,2017,09,29,Friday,Q3
1451,2017-09-30,2017,09,30,Saturday,Q3
1452,2017-10-01,2017,10,01,Sunday,Q4
1453,2017-10-02,2017,10,02,Monday,Q4
1454,2017-10-03,2017,10,03,Tuesday,Q4
1455,2017-10-04,2017,10,04,Wednesday,Q4
1456,2017-10-05,2017,10,05,Thursday,Q4
1457,2017-10-06,2017,10,06,Friday,Q4
1458,2017-10-07,2017,10,07,Saturday,Q4
1459,2017-10-08,2017,10,08,Sunday,Q4
1460,2017-10-09,2017,10,09,Monday,Q4
1461,2017-10-10,2017,10,10,Tuesday,Q4
1462,2017-10-11,2017,10,11,Wednesday,Q4
1463,2017-10-12,2017,10,12,Thursday,Q4
1464,2017-10-13,2017,10,13,Friday,Q4
1465,2017-10-14,2017,10,14,Saturday,Q4
1466,2017-10-15,2017,10,15,Sunday,Q4
1467,2017-10-16,2017,10,16,Monday,Q4
1468,2017-10-17,2017,10,17,Tuesday,Q4
1469,2017-10-18,2017,10,18,Wednesday,Q4
1470,2017-10-19,2017,10,19,Thursday,Q4
1471,2017-10-20,2017,10,20,Friday,Q4
1472,2017-10-21,2017,10,21,Saturday,Q4
1473,2017-10-22,2017,10,22,Sunday,Q4
1474,2017-10-23,2017,10,23,Monday,Q4
1475,2017-10-24,2017,10,24,Tuesday,Q4
1476,2017-10-25,2017,10,25,Wednesday,Q4
1477,2017-10-26,2017,10,26,Thursday,Q4
1478,2017-10-27,2017,10,27,Friday,Q4
1479,2017-10-28,2017,10,28,Saturday,Q4
1480,2017-10-29,2017,10,29,Sunday,Q4
1481,2017-10-30,2017,10,30,Monday,Q4
1482,2017-10-31,2017,10,31,Tuesday,Q4
1483,2017-11-01,2017,11,01,Wednesday,Q4
1484,2017-11-02,2017,11,02,Thursday,Q4
1485,2017-11-03,2017,11,03,Friday,Q4
1486,2017-11-04,2017,11,04,Saturday,Q4
1487,2017-11-05,2017,11,05,Sunday,Q4
1488,2017-11-06,2017,11,06,Monday,Q4
1489,2017-11-07,2017,11,07,Tuesday,Q4
1490,2017-11-08,2017,11,08,Wednesday,Q4
1491,2017-11-09,2017,11,09,Thursday,Q4
1492,2017-11-10,2017,11,10,Friday,Q4
1493,2017-11-11,2017,11,11,Saturday,Q4
1494,2017-11-12,2017,11,12,Sunday,Q4
1495,2017-11-13,2017,11,13,Monday,Q4
1496,2017-11-14,2017,11,14,Tuesday,Q4
1497,2017-11-15,2017,11,15,Wednesday,Q4
1498,2017-11-16,2017,11,16,Thursday,Q4
1499,2017-11-17,2017,11,17,Friday,Q4
1500,2017-11-18,2017,11,18,Saturday,Q4
1501,2017-11-19,2017,11,19,Sunday,Q4
1502,2017-11-20,2017,11,20,Monday,Q4
1503,2017-11-21,2017,11,21,Tuesday,Q4
1504,2017-11-22,2017,11,22,Wednesday,Q4
1505,2017-11-23,2017,11,23,Thursday,Q4
1506,2017-11-24,2017,11,24,Friday,Q4
1507,2017-11-25,2017,11,25,Saturday,Q4
1508,2017-11-26,2017,11,26,Sunday,Q4
1509,2017-11-27,2017,11,27,Monday,Q4
1510,2017-11-28,2017,11,28,Tuesday,Q4
1511,2017-11-29,2017,11,29,Wednesday,Q4
1512,2017-11-30,2017,11,30,Thursday,Q4
1513,2017-12-01,2017,12,01,Friday,Q4
1514,2017-12-02,2017,12,02,Saturday,Q4
1515,2017-12-03,2017,12,03,Sunday,Q4
1516,2017-12-04,2017,12,04,Monday,Q4
1517,2017-12-05,2017,12,05,Tuesday,Q4
1518,2017-12-06,2017,12,06,Wednesday,Q4
1519,2017-12-07,2017,12,07,Thursday,Q4
1520,2017-12-08,2017,12,08,Friday,Q4
1521,2017-12-09,2017,12,09,Saturday,Q4
1522,2017-12-10,2017,12,10,Sunday,Q4
1523,2017-12-11,2017,12,11,Monday,Q4
1524,2017-12-12,2017,12,12,Tuesday,Q4
1525,2017-12-13,2017,12,13,Wednesday,Q4
1526,2017-12-14,2017,12,14,Thursday,Q4
1527,2017-12-15,2017,12,15,Friday,Q4
1528,2017-12-16,2017,12,16,Saturday,Q4
1529,2017-12-17,2017,12,17,Sunday,Q4
1530,2017-12-18,2017,12,18,Monday,Q4
1531,2017-12-19,2017,12,19,Tuesday,Q4
1532,2017-12-20,2017,12,20,Wednesday,Q4
1533,2017-12-21,2017,12,21,Thursday,Q4
1534,2017-12-22,2017,12,22,Friday,Q4
1535,2017-12-23,2017,12,23,Saturday,Q4
1536,2017-12-24,2017,12,24,Sunday,Q4
1537,2017-12-25,2017,12,25,Monday,Q4
1538,2017-12-26,2017,12,26,Tuesday,Q4
1539,2017-12-27,2017,12,27,Wednesday,Q4
1540,2017-12-28,2017,12,28,Thursday,Q4
1541,2017-12-29,2017,12,29,Friday,Q4
1542,2017-12-30,2017,12,30,Saturday,Q4
1543,2017-12-31,2017,12,31,Sunday,Q4
1544,2018-01-01,2018,01,01,Monday,Q1
1545,2018-01-02,2018,01,02,Tuesday,Q1
1546,2018-01-03,2018,01,03,Wednesday,Q1
1547,2018-01-04,2018,01,04,Thursday,Q1
1548,2018-01-05,2018,01,05,Friday,Q1
1549,2018-01-06,2018,01,06,Saturday,Q1
1550,2018-01-07,2018,01,07,Sunday,Q1
1551,2018-01-08,2018,01,08,Monday,Q1
1552,2018-01-09,2018,01,09,Tuesday,Q1
1553,2018-01-10,2018,01,10,Wednesday,Q1
1554,2018-01-11,2018,01,11,Thursday,Q1
1555,2018-01-12,2018,01,12,Friday,Q1
1556,2018-01-13,2018,01,13,Saturday,Q1
1557,2018-01-14,2018,01,14,Sunday,Q1
1558,2018-01-15,2018,01,15,Monday,Q1
1559,2018-01-16,2018,01,16,Tuesday,Q1
1560,2018-01-17,2018,01,17,Wednesday,Q1
1561,2018-01-18,2018,01,18,Thursday,Q1
1562,2018-01-19,2018,01,19,Friday,Q1
1563,2018-01-20,2018,01,20,Saturday,Q1
1564,2018-01-21,2018,01,21,Sunday,Q1
1565,2018-01-22,2018,01,22,Monday,Q1
1566,2018-01-23,2018,01,23,Tuesday,Q1
1567,2018-01-24,2018,01,24,Wednesday,Q1
1568,2018-01-25,2018,01,25,Thursday,Q1
1569,2018-01-26,2018,01,26,Friday,Q1
1570,2018-01-27,2018,01,27,Saturday,Q1
1571,2018-01-28,2018,01,28,Sunday,Q1
1572,2018-01-29,2018,01,29,Monday,Q1
1573,2018-01-30,2018,01,30,Tuesday,Q1
1574,2018-01-31,2018,01,31,Wednesday,Q1
1575,2018-02-01,2018,02,01,Thursday,Q1
1576,2018-02-02,2018,02,02,Friday,Q1
1577,2018-02-03,2018,02,03,Saturday,Q1
1578,2018-02-04,2018,02,04,Sunday,Q1
1579,2018-02-05,2018,02,05,Monday,Q1
1580,2018-02-06,2018,02,06,Tuesday,Q1
1581,2018-02-07,2018,02,07,Wednesday,Q1
1582,2018-02-08,2018,02,08,Thursday,Q1
1583,2018-02-09,2018,02,09,Friday,Q1
1584,2018-02-10,2018,02,10,Saturday,Q1
1585,2018-02-11,2018,02,11,Sunday,Q1
1586,2018-02-12,2018,02,12,Monday,Q1
1587,2018-02-13,2018,02,13,Tuesday,Q1
1588,2018-02-14,2018,02,14,Wednesday,Q1
1589,2018-02-15,2018,02,15,Thursday,Q1
1590,2018-02-16,2018,02,16,Friday,Q1
1591,2018-02-17,2018,02,17,Saturday,Q1
1592,2018-02-18,2018,02,18,Sunday,Q1
1593,2018-02-19,2018,02,19,Monday,Q1
1594,2018-02-20,2018,02,20,Tuesday,Q1
1595,2018-02-21,2018,02,21,Wednesday,Q1
1596,2018-02-22,2018,02,22,Thursday,Q1
1597,2018-02-23,2018,02,23,Friday,Q1
1598,2018-02-24,2018,02,24,Saturday,Q1
1599,2018-02-25,2018,02,25,Sunday,Q1
1600,2018-02-26,2018,02,26,Monday,Q1
1601,2018-02-27,2018,02,27,Tuesday,Q1
1602,2018-02-28,2018,02,28,Wednesday,Q1
1603,2018-03-01,2018,03,01,Thursday,Q1
1604,2018-03-02,2018,03,02,Friday,Q1
1605,2018-03-03,2018,03,03,Saturday,Q1
1606,2018-03-04,2018,03,04,Sunday,Q1
1607,2018-03-05,2018,03,05,Monday,Q1
1608,2018-03-06,2018,03,06,Tuesday,Q1
1609,2018-03-07,2018,03,07,Wednesday,Q1
1610,2018-03-08,2018,03,08,Thursday,Q1
1611,2018-03-09,2018,03,09,Friday,Q1
1612,2018-03-10,2018,03,10,Saturday,Q1
1613,2018-03-11,2018,03,11,Sunday,Q1
1614,2018-03-12,2018,03,12,Monday,Q1
1615,2018-03-13,2018,03,13,Tuesday,Q1
1616,2018-03-14,2018,03,14,Wednesday,Q1
1617,2018-03-15,2018,03,15,Thursday,Q1
1618,2018-03-16,2018,03,16,Friday,Q1
1619,2018-03-17,2018,03,17,Saturday,Q1
1620,2018-03-18,2018,03,18,Sunday,Q1
1621,2018-03-19,2018,03,19,Monday,Q1
1622,2018-03-20,2018,03,20,Tuesday,Q1
1623,2018-03-21,2018,03,21,Wednesday,Q1
1624,2018-03-22,2018,03,22,Thursday,Q1
1625,2018-03-23,2018,03,23,Friday,Q1
1626,2018-03-24,2018,03,24,Saturday,Q1
1627,2018-03-25,2018,03,25,Sunday,Q1
1628,2018-03-26,2018,03,26,Monday,Q1
1629,2018-03-27,2018,03,27,Tuesday,Q1
1630,2018-03-28,2018,03,28,Wednesday,Q1
1631,2018-03-29,2018,03,29,Thursday,Q1
1632,2018-03-30,2018,03,30,Friday,Q1
1633,2018-03-31,2018,03,31,Saturday,Q1
