incident_id,crime_gravity_stolen,crime_gravity_not_stolen,ratio (stolen /not_stolen)
30,6,6,1
61,1,1,1
200,6,1,6
1032,4,2,2
1512,3,1,3
1986,1,1,1
1999,2,2,1
2218,9,1,9
2493,3,6,0.5
2871,2,2,1
2945,1,1,1
3121,1,1,1
4262,8,2,4
5191,1,1,1
5193,4,2,2
5501,2,2,1
5727,6,3,2
6099,3,3,1
6458,6,6,1
6777,2,1,2
6979,1,1,1
7121,1,1,1
7346,4,2,2
7347,1,3,0.33333334
7355,1,1,1
8093,2,2,1
8216,6,2,3
8493,3,3,1
8562,2,2,1
8563,6,2,3
8564,8,6,1.3333334
8939,3,3,1
9674,5,3,1.6666666
9979,5,1,5
10445,6,3,2
10450,1,1,1
10660,6,2,3
11072,6,2,3
11394,1,1,1
11967,2,2,1
11972,1,1,1
12330,4,2,2
12869,3,1,3
13108,2,2,1
13791,1,1,1
13813,1,1,1
14105,1,1,1
14695,3,1,3
14701,8,2,4
14933,3,1,3
15064,10,2,5
15077,2,2,1
15181,2,2,1
15360,2,2,1
15886,1,1,1
15887,4,1,4
16089,4,2,2
16179,2,2,1
16254,2,2,1
16624,14,2,7
17127,2,2,1
17437,2,2,1
17718,12,2,6
17860,1,1,1
18623,3,3,1
18876,1,1,1
19078,10,2,5
19624,2,1,2
20032,1,1,1
20947,3,1,3
21665,3,1,3
22035,2,1,2
22428,4,1,4
23071,2,1,2
23613,2,3,0.66666669
23616,13,1,13
24028,4,1,4
24213,1,1,1
24218,2,2,1
24453,2,2,1
24666,1,1,1
24915,2,1,2
25034,4,2,2
25281,2,1,2
26138,1,1,1
26389,6,3,2
26752,2,2,1
27834,1,1,1
27974,10,2,5
28240,1,1,1
28526,2,2,1
28972,1,1,1
29371,8,2,4
29373,2,6,0.33333334
29646,1,1,1
29718,4,1,4
30167,1,1,1
30222,1,1,1
30285,12,2,6
31141,1,1,1
31171,2,2,1
31424,1,1,1
31428,1,1,1
31637,1,1,1
31845,1,1,1
31871,1,1,1
32451,3,1,3
33696,3,2,1.5
33762,4,2,2
34707,3,1,3
34897,2,1,2
35338,1,1,1
35384,4,2,2
35414,2,2,1
35812,8,2,4
35920,2,2,1
36117,4,2,2
36270,1,1,1
36574,2,1,2
37880,8,2,4
37881,1,1,1
38639,4,2,2
39156,10,4,2.5
39712,2,1,2
39823,6,2,3
40657,5,2,2.5
40856,5,1,5
41018,8,4,2
41046,3,1,3
41675,1,1,1
41998,1,2,0.5
42000,8,2,4
42242,2,1,2
42861,2,2,1
42911,1,1,1
43200,8,2,4
43587,1,1,1
43688,3,2,1.5
43881,1,1,1
44336,2,1,2
44744,3,1,3
44771,4,2,2
45073,2,1,2
45307,6,3,2
45834,4,1,4
45837,6,2,3
45897,1,2,0.5
45905,1,2,0.5
46436,2,4,0.5
46729,2,1,2
47086,3,1,3
47513,6,2,3
47613,2,1,2
47616,1,1,1
47797,3,1,3
47800,4,1,4
47966,1,1,1
48174,4,2,2
48354,6,6,1
48547,4,2,2
48715,2,2,1
48772,8,2,4
48946,2,2,1
49221,2,6,0.33333334
49277,1,1,1
49394,1,1,1
49558,2,4,0.5
49759,2,2,1
49805,4,2,2
49981,2,2,1
50204,2,2,1
50336,4,2,2
50418,2,2,1
50495,1,1,1
50529,2,2,1
50620,12,6,2
50637,2,2,1
50693,2,2,1
50816,8,4,2
50848,5,2,2.5
50870,6,6,1
51493,1,1,1
51604,2,6,0.33333334
51607,2,2,1
51835,4,2,2
51859,2,2,1
51940,2,1,2
52030,1,1,1
52201,4,2,2
52259,2,2,1
52393,2,2,1
52457,4,2,2
52501,2,2,1
52609,4,2,2
52620,2,2,1
52714,4,2,2
52741,6,2,3
52768,6,2,3
52969,2,2,1
53039,10,2,5
53043,6,6,1
53059,2,1,2
53216,2,2,1
53220,2,1,2
53266,1,1,1
53343,2,3,0.66666669
53430,6,2,3
53572,2,6,0.33333334
53590,2,2,1
53617,2,2,1
53626,6,12,0.5
53710,2,1,2
53805,2,2,1
53822,4,2,2
53869,4,2,2
53876,4,4,1
53902,6,6,1
53917,8,2,4
53958,1,1,1
54029,1,1,1
54117,2,2,1
54218,1,6,0.16666667
54244,6,2,3
54248,12,6,2
54267,6,8,0.75
54393,2,2,1
54401,14,6,2.3333333
54611,8,2,4
54758,2,2,1
54774,4,2,2
54804,2,2,1
54880,2,2,1
55149,2,2,1
55480,2,1,2
55498,2,2,1
55536,2,1,2
55549,2,1,2
55654,2,6,0.33333334
55712,2,2,1
55755,6,6,1
55783,2,2,1
55817,3,2,1.5
55906,8,2,4
56142,2,1,2
56144,2,2,1
56177,2,2,1
56218,2,2,1
56347,6,6,1
56461,2,2,1
56467,10,2,5
56475,2,2,1
56578,2,2,1
56586,6,2,3
56611,6,2,3
56868,2,2,1
56888,3,1,3
57084,4,6,0.66666669
57344,2,2,1
57798,1,1,1
57846,4,2,2
57965,6,4,1.5
58058,2,2,1
58177,2,2,1
58298,1,1,1
58554,12,6,2
58609,2,2,1
58668,2,2,1
58669,2,2,1
58878,1,4,0.25
58921,2,2,1
58947,6,2,3
58949,2,2,1
59157,2,2,1
59266,12,2,6
59292,2,2,1
59318,2,2,1
59565,17,2,8.5
59794,4,2,2
59896,1,1,1
59982,1,1,1
60051,2,1,2
60139,2,2,1
60213,1,1,1
60263,2,6,0.33333334
60354,7,2,3.5
60474,3,1,3
60490,1,1,1
60537,8,4,2
60811,4,4,1
60821,3,1,3
60872,2,1,2
60884,2,2,1
60966,4,2,2
61090,1,2,0.5
61282,12,2,6
61304,2,2,1
61428,4,4,1
61444,4,2,2
61516,1,1,1
61674,2,2,1
61696,2,2,1
61783,4,2,2
61859,15,1,15
62128,3,2,1.5
62136,4,1,4
62192,2,4,0.5
62244,2,2,1
62361,4,2,2
62419,2,2,1
62762,2,1,2
62835,6,2,3
62858,6,6,1
63003,1,1,1
63263,2,2,1
63304,6,6,1
63643,6,2,3
63644,2,2,1
63664,4,2,2
63700,6,2,3
63728,8,2,4
63772,2,1,2
63787,1,2,0.5
63851,2,2,1
64025,2,2,1
64041,1,1,1
64048,2,1,2
64068,1,2,0.5
64160,4,2,2
64424,4,2,2
64428,4,2,2
64431,1,1,1
64432,2,1,2
64448,1,1,1
64493,2,2,1
64495,4,2,2
64503,2,2,1
64510,2,2,1
64552,1,2,0.5
64619,2,4,0.5
64745,1,1,1
64913,1,1,1
64971,8,2,4
64979,4,2,2
65134,2,1,2
65511,10,4,2.5
65582,2,4,0.5
65613,6,2,3
65699,4,2,2
66183,1,1,1
66278,2,1,2
66363,3,1,3
66421,6,2,3
66430,2,2,1
66519,2,6,0.33333334
66677,4,4,1
66748,10,2,5
67037,6,2,3
67072,1,1,1
67396,6,2,3
67410,2,2,1
67430,2,4,0.5
67495,2,2,1
67560,3,1,3
67676,14,2,7
67893,6,6,1
67910,3,2,1.5
68001,21,2,10.5
68017,2,1,2
68026,6,4,1.5
68035,6,2,3
68392,2,2,1
68393,2,2,1
68584,2,1,2
68882,13,2,6.5
68995,12,6,2
69459,2,2,1
69578,6,6,1
69616,12,4,3
69649,2,2,1
69736,6,2,3
69774,1,1,1
69790,3,1,3
69791,48,10,4.8000002
69887,2,2,1
69907,1,1,1
70237,4,2,2
70262,1,1,1
70337,4,2,2
70443,2,2,1
70466,6,3,2
70482,2,6,0.33333334
70524,6,2,3
70608,1,1,1
70612,2,2,1
70667,2,2,1
70718,6,6,1
70776,2,4,0.5
70896,2,2,1
70948,2,2,1
71060,1,1,1
71124,2,2,1
71297,2,2,1
71351,1,1,1
71464,1,1,1
71520,2,2,1
71536,2,2,1
71606,2,2,1
71892,2,2,1
72021,4,2,2
72149,1,1,1
72220,2,2,1
72422,4,1,4
72970,2,6,0.33333334
72983,2,2,1
73022,2,1,2
73258,2,2,1
73334,2,2,1
73378,4,4,1
73393,2,2,1
73586,16,6,2.6666667
73633,4,4,1
73803,1,2,0.5
73855,6,2,3
73902,2,2,1
74092,2,4,0.5
74098,2,2,1
74176,4,2,2
74177,8,2,4
74220,3,2,1.5
74322,1,1,1
74440,1,1,1
74527,1,1,1
74631,2,2,1
75055,6,2,3
75137,1,4,0.25
75184,1,1,1
75248,2,2,1
75345,2,2,1
75573,10,2,5
75613,12,2,6
75640,2,2,1
75645,1,1,1
75700,8,2,4
76028,2,2,1
76041,4,2,2
76194,6,6,1
76293,4,2,2
76462,4,2,2
76586,24,6,4
76762,4,2,2
76787,8,2,4
76899,12,2,6
77144,6,2,3
77181,2,2,1
77296,6,2,3
77362,1,2,0.5
77382,2,2,1
77532,6,2,3
77571,4,2,2
77655,2,2,1
77688,2,2,1
78033,2,2,1
78176,2,4,0.5
78229,2,4,0.5
78306,2,2,1
78329,6,6,1
78451,2,6,0.33333334
78512,2,2,1
78520,4,2,2
78576,2,2,1
78628,8,2,4
78731,4,2,2
79027,4,6,0.66666669
79261,4,2,2
79271,12,6,2
79481,2,4,0.5
79603,2,2,1
79612,2,2,1
79744,3,2,1.5
79779,2,2,1
79829,2,2,1
79916,2,2,1
80016,2,2,1
80086,2,1,2
80292,2,6,0.33333334
80420,2,2,1
80761,1,1,1
80771,4,4,1
80933,18,2,9
81028,2,2,1
81034,20,2,10
81043,2,4,0.5
81054,1,1,1
81101,6,2,3
81147,4,2,2
81237,2,2,1
81409,2,2,1
81687,6,6,1
81743,4,2,2
81920,3,1,3
82082,2,6,0.33333334
82087,2,2,1
82089,2,2,1
82346,16,2,8
82347,6,4,1.5
82432,2,2,1
82443,10,2,5
82723,2,2,1
82981,4,2,2
83059,6,2,3
83090,2,2,1
83158,12,2,6
83185,4,1,4
83186,2,2,1
83253,2,2,1
83371,8,6,1.3333334
83640,26,4,6.5
83770,4,2,2
83912,2,1,2
84237,2,1,2
84310,1,1,1
84349,2,2,1
84426,1,1,1
84598,4,2,2
84774,1,1,1
85045,2,2,1
85102,2,2,1
85487,1,4,0.25
85731,2,1,2
85778,1,1,1
85793,4,2,2
85907,2,2,1
85983,1,1,1
86009,1,2,0.5
86195,2,2,1
86213,2,1,2
86474,4,2,2
86542,2,2,1
86570,6,2,3
86573,2,6,0.33333334
86791,2,1,2
87136,2,2,1
87285,12,2,6
87289,7,1,7
87578,6,2,3
87602,1,1,1
87672,8,4,2
87686,2,1,2
87740,8,2,4
87754,2,2,1
87856,12,6,2
88002,6,2,3
88036,2,6,0.33333334
88039,2,2,1
88061,2,2,1
88062,6,6,1
88239,6,6,1
88252,4,2,2
88259,2,2,1
88509,2,1,2
88807,18,6,3
88826,2,2,1
88961,4,2,2
89012,4,1,4
89128,2,6,0.33333334
89235,3,1,3
89274,5,2,2.5
89294,2,2,1
89480,2,1,2
89708,2,2,1
89833,6,2,3
89869,1,1,1
89922,2,2,1
90154,3,6,0.5
90205,4,2,2
90228,4,2,2
90259,2,1,2
90510,18,2,9
90590,6,6,1
90859,4,2,2
90987,2,2,1
91156,2,2,1
91328,4,4,1
91480,4,2,2
91500,1,2,0.5
91911,6,2,3
92063,14,2,7
92165,2,1,2
92169,6,6,1
92186,2,2,1
92280,2,2,1
92475,2,6,0.33333334
92574,1,1,1
92739,2,2,1
93031,1,1,1
93058,4,1,4
93073,2,2,1
93185,2,2,1
93243,2,2,1
93252,4,6,0.66666669
93327,2,2,1
93331,1,1,1
93630,8,6,1.3333334
93686,2,2,1
93736,2,2,1
93949,2,2,1
93993,2,1,2
94022,6,2,3
94095,3,3,1
94233,4,1,4
94342,1,1,1
94380,32,4,8
94388,4,2,2
94419,2,2,1
94467,8,6,1.3333334
94511,1,2,0.5
94543,8,2,4
94587,4,2,2
94747,14,4,3.5
94986,2,2,1
95107,4,2,2
95131,1,4,0.25
95218,2,2,1
95413,6,2,3
95458,4,2,2
95541,4,2,2
95643,2,2,1
95688,5,1,5
95896,14,2,7
96244,2,1,2
96327,6,2,3
96353,2,2,1
96383,2,2,1
96642,6,2,3
96712,2,1,2
97051,2,2,1
97101,2,2,1
97190,4,2,2
97442,1,1,1
97502,2,2,1
97776,4,2,2
97785,4,2,2
97876,6,2,3
97883,2,4,0.5
97901,4,2,2
97997,6,2,3
98214,4,1,4
98221,14,2,7
98303,2,2,1
98350,4,2,2
98360,2,2,1
98447,2,2,1
98451,1,1,1
98467,2,1,2
98487,4,2,2
98699,3,2,1.5
98805,6,2,3
98874,4,6,0.66666669
98894,14,6,2.3333333
99088,2,2,1
99325,6,2,3
99381,2,2,1
99387,12,6,2
99437,2,2,1
99462,1,1,1
99550,4,2,2
99579,2,1,2
99596,14,2,7
99614,10,2,5
99839,2,2,1
99940,2,2,1
100024,2,4,0.5
100132,2,2,1
100144,4,2,2
100231,6,4,1.5
100309,4,4,1
100344,12,2,6
100384,1,4,0.25
100419,6,2,3
100446,1,4,0.25
100530,2,1,2
100578,2,2,1
100592,8,8,1
100717,1,2,0.5
100853,10,6,1.6666666
100935,2,2,1
100986,2,1,2
100990,10,2,5
101038,2,2,1
101151,2,1,2
101159,1,1,1
101406,2,6,0.33333334
101500,4,2,2
101575,2,2,1
101600,2,2,1
101607,1,1,1
101688,4,2,2
101847,2,2,1
101857,6,2,3
101869,4,2,2
102042,16,2,8
102079,4,2,2
102312,6,6,1
102381,3,1,3
102485,8,6,1.3333334
102514,1,1,1
102542,20,2,10
102680,2,2,1
102775,2,2,1
102859,2,2,1
103118,2,2,1
103169,2,4,0.5
103219,1,3,0.33333334
103383,7,2,3.5
103433,3,2,1.5
103668,1,1,1
103677,4,2,2
103777,6,2,3
103817,1,1,1
103841,2,6,0.33333334
103879,2,2,1
103963,4,2,2
104398,1,1,1
104616,2,2,1
104648,12,6,2
104741,3,2,1.5
104868,14,6,2.3333333
104887,2,2,1
104913,2,6,0.33333334
104916,4,4,1
104957,2,2,1
105036,2,6,0.33333334
105380,4,4,1
105474,1,2,0.5
105543,2,2,1
105622,2,2,1
105658,24,6,4
105678,2,2,1
106221,2,6,0.33333334
106226,4,2,2
106427,6,2,3
106541,2,2,1
106552,6,2,3
106988,2,2,1
107059,4,2,2
107099,2,6,0.33333334
107257,2,2,1
107396,2,2,1
107537,2,2,1
107596,6,2,3
107680,2,2,1
107812,1,1,1
107869,4,4,1
108043,2,2,1
108251,4,2,2
108397,8,1,8
108411,4,2,2
108440,1,1,1
108450,4,2,2
108514,6,6,1
108625,3,2,1.5
108659,2,1,2
108662,1,1,1
108683,2,2,1
108740,2,2,1
108748,3,1,3
108874,2,1,2
108880,3,3,1
108882,3,2,1.5
109046,4,2,2
109054,2,1,2
109090,8,2,4
109101,1,1,1
109143,2,4,0.5
109285,4,2,2
109287,2,2,1
109333,2,6,0.33333334
109366,1,1,1
109404,12,4,3
109426,1,2,0.5
109470,2,2,1
109487,2,2,1
109558,4,2,2
109665,2,2,1
109701,2,1,2
109778,2,2,1
109849,2,4,0.5
109862,2,2,1
109879,2,2,1
109894,2,2,1
110013,2,2,1
110118,6,2,3
110325,2,2,1
110569,2,1,2
110671,4,2,2
110808,12,12,1
110840,6,12,0.5
110980,2,4,0.5
111003,2,6,0.33333334
111075,2,2,1
111208,6,2,3
111214,5,2,2.5
111260,4,2,2
111408,2,2,1
111431,2,2,1
111522,32,8,4
111559,2,2,1
111691,2,2,1
111733,10,2,5
111786,2,2,1
111852,2,2,1
112047,2,2,1
112270,1,1,1
112401,2,2,1
112453,2,2,1
112524,2,2,1
112535,1,1,1
112536,4,4,1
112555,2,2,1
112578,5,1,5
112650,4,2,2
112669,2,2,1
112684,1,1,1
112709,2,2,1
112757,6,18,0.33333334
112758,1,1,1
113151,1,1,1
113188,8,6,1.3333334
113576,2,2,1
113688,1,1,1
113705,4,2,2
113764,2,1,2
113982,2,6,0.33333334
114075,6,2,3
114087,2,1,2
114261,2,1,2
114434,20,2,10
114608,4,2,2
114636,1,1,1
114638,2,2,1
114688,6,2,3
114763,2,2,1
114801,2,2,1
114863,6,6,1
114879,1,1,1
114902,4,2,2
114918,2,2,1
115011,4,2,2
115113,2,2,1
115323,8,2,4
115457,14,2,7
115500,2,2,1
115589,2,2,1
115643,2,2,1
115731,4,2,2
115743,2,2,1
115827,2,2,1
115930,1,1,1
115959,4,2,2
116070,1,1,1
116358,6,2,3
116427,4,2,2
116468,6,2,3
116571,1,1,1
116607,2,2,1
116632,20,2,10
116659,2,2,1
116708,2,1,2
116767,4,2,2
116857,4,4,1
117029,2,2,1
117058,2,2,1
117151,12,2,6
117225,2,2,1
117393,2,4,0.5
117474,2,4,0.5
117533,12,12,1
117815,4,2,2
117879,4,2,2
117902,2,2,1
117932,4,2,2
117953,4,2,2
118133,2,2,1
118166,16,6,2.6666667
118175,4,2,2
118203,1,2,0.5
118232,2,2,1
118234,12,8,1.5
118269,2,2,1
118444,2,2,1
118455,2,4,0.5
118607,2,2,1
118699,7,1,7
118943,1,1,1
119123,2,2,1
119174,2,6,0.33333334
119180,14,6,2.3333333
119197,2,2,1
119209,2,2,1
119284,1,4,0.25
119347,4,4,1
119360,2,1,2
119418,2,2,1
119484,4,2,2
119556,2,6,0.33333334
119768,3,1,3
119841,2,2,1
119938,2,2,1
119946,2,4,0.5
120085,4,1,4
120378,8,2,4
120408,10,2,5
120450,2,2,1
120553,6,2,3
120573,9,3,3
120581,1,1,1
120712,2,2,1
120763,2,2,1
120787,2,2,1
120822,6,2,3
121019,1,1,1
121056,2,2,1
121149,2,2,1
121163,8,6,1.3333334
121203,2,2,1
121288,2,2,1
121345,2,2,1
121408,2,2,1
121441,2,2,1
121672,1,1,1
121673,2,2,1
121770,2,2,1
121775,2,2,1
121783,9,2,4.5
121822,2,4,0.5
121893,2,4,0.5
121992,4,2,2
122029,4,2,2
122052,12,2,6
123046,8,2,4
123241,2,2,1
123707,2,2,1
123745,1,1,1
124221,8,2,4
124330,4,2,2
124334,1,1,1
124511,2,3,0.66666669
124534,1,1,1
124559,2,2,1
124617,6,2,3
124805,3,1,3
124810,2,2,1
125078,2,2,1
125511,4,6,0.66666669
125532,2,2,1
125640,2,4,0.5
125659,8,2,4
125733,2,2,1
125821,2,2,1
126001,2,2,1
126020,1,1,1
126079,5,2,2.5
126104,4,2,2
126170,1,1,1
126358,2,2,1
126430,2,2,1
126521,22,6,3.6666667
126596,6,2,3
126703,2,2,1
126957,8,4,2
127045,4,2,2
127134,2,2,1
127177,1,2,0.5
127216,2,2,1
127399,1,2,0.5
127419,6,2,3
127423,2,1,2
127491,6,2,3
127596,4,2,2
127653,2,2,1
127795,10,6,1.6666666
127893,2,2,1
127942,3,6,0.5
128021,2,2,1
128046,2,2,1
128163,2,2,1
128416,1,4,0.25
128500,3,6,0.5
128686,2,1,2
128754,4,2,2
128789,6,6,1
128821,2,2,1
128837,6,2,3
128855,2,1,2
129087,2,2,1
129097,2,6,0.33333334
129191,1,1,1
129248,1,1,1
129477,4,2,2
129484,4,2,2
129501,4,2,2
129595,4,2,2
129659,26,2,13
129702,4,2,2
129712,2,2,1
129795,4,4,1
130084,108,6,18
130148,1,1,1
130281,1,1,1
130505,2,2,1
130563,1,1,1
130565,6,6,1
130681,1,1,1
130833,6,6,1
130837,3,1,3
130916,1,1,1
130989,2,2,1
131500,2,1,2
131552,2,2,1
131592,6,6,1
131601,2,1,2
131678,4,2,2
131852,4,2,2
131948,10,2,5
131956,4,2,2
131984,2,2,1
131996,4,2,2
132363,6,6,1
132389,9,2,4.5
132532,14,2,7
132575,1,1,1
132577,1,1,1
132863,2,2,1
132868,2,2,1
132920,6,2,3
132980,2,1,2
133312,11,2,5.5
133427,2,2,1
133936,1,1,1
134062,10,2,5
134224,4,4,1
134277,2,2,1
134352,2,2,1
134612,6,2,3
134824,1,1,1
134950,2,2,1
134978,2,2,1
135021,4,1,4
135189,2,2,1
135254,1,1,1
135341,2,2,1
135400,2,2,1
135652,1,1,1
135660,1,2,0.5
135769,1,1,1
135774,1,1,1
135933,1,1,1
135939,4,2,2
136025,1,1,1
136096,3,2,1.5
136329,4,1,4
136367,8,2,4
136440,1,4,0.25
136524,2,1,2
136570,2,2,1
136631,7,2,3.5
136727,36,4,9
136795,2,2,1
136905,4,2,2
136936,3,1,3
137081,2,2,1
137132,2,2,1
137328,2,6,0.33333334
137332,8,12,0.66666669
137416,2,2,1
137534,18,2,9
137699,2,2,1
137728,1,1,1
137752,8,2,4
137863,3,2,1.5
138018,2,2,1
138191,14,6,2.3333333
138223,8,2,4
138279,1,1,1
138351,1,1,1
138367,2,2,1
138380,2,2,1
138618,1,1,1
138766,1,1,1
138800,3,1,3
138819,4,2,2
138846,2,2,1
138911,4,2,2
139027,6,2,3
139105,2,2,1
139163,4,2,2
139218,8,2,4
139229,6,1,6
139410,4,2,2
139440,2,4,0.5
139564,4,6,0.66666669
139650,8,6,1.3333334
139738,1,1,1
139792,4,2,2
139814,2,2,1
139839,2,2,1
139857,1,1,1
140082,6,6,1
140105,2,2,1
140165,3,1,3
140167,2,1,2
140203,2,2,1
140365,6,6,1
140472,2,2,1
140632,6,2,3
140681,4,6,0.66666669
140707,2,2,1
140788,2,2,1
140834,8,2,4
140850,1,1,1
140883,2,2,1
140917,8,2,4
141045,3,1,3
141072,6,2,3
141093,1,1,1
141105,2,2,1
141107,2,2,1
141289,2,1,2
141301,3,2,1.5
141518,2,6,0.33333334
141525,2,2,1
141569,6,2,3
141725,4,2,2
141728,2,4,0.5
141746,2,2,1
141798,4,1,4
141870,4,4,1
141900,2,2,1
141963,4,2,2
142140,4,6,0.66666669
142151,2,2,1
142226,4,2,2
142270,6,3,2
142326,2,1,2
142447,6,6,1
142450,8,12,0.66666669
142460,2,2,1
142461,2,2,1
142494,2,2,1
142503,2,2,1
142562,1,2,0.5
142566,1,1,1
142577,5,2,2.5
142636,2,2,1
142723,2,2,1
142748,4,2,2
142774,1,1,1
142822,1,2,0.5
142830,2,2,1
142854,2,2,1
142923,2,2,1
142988,10,6,1.6666666
142997,2,2,1
143003,8,2,4
143079,1,1,1
143104,4,2,2
143125,4,2,2
143212,4,2,2
143239,4,2,2
143480,2,2,1
143526,4,2,2
143577,4,2,2
143578,1,1,1
143583,1,1,1
143664,2,2,1
143684,1,1,1
143692,8,2,4
143738,1,1,1
143753,4,2,2
143897,6,2,3
143963,3,1,3
144004,2,2,1
144034,6,2,3
144179,4,2,2
144198,2,2,1
144307,2,2,1
144328,1,1,1
144396,2,2,1
144563,1,1,1
144617,8,2,4
144648,1,4,0.25
144685,18,6,3
144726,6,2,3
144755,2,2,1
144962,2,1,2
145045,2,2,1
145115,2,6,0.33333334
145120,4,2,2
145192,2,4,0.5
145287,4,4,1
145294,2,1,2
145306,6,6,1
145370,6,3,2
145389,4,1,4
145530,1,1,1
145570,1,1,1
145756,2,2,1
145811,2,4,0.5
145822,2,2,1
145823,2,2,1
145869,6,2,3
145916,1,1,1
145940,1,1,1
146013,1,1,1
146015,2,2,1
146280,2,2,1
146502,2,4,0.5
146568,2,1,2
146688,2,2,1
147108,4,3,1.3333334
147257,1,1,1
147266,1,1,1
147284,3,1,3
147404,2,2,1
147453,4,2,2
147573,2,2,1
147679,12,2,6
147714,4,2,2
147718,6,6,1
147738,6,6,1
147754,2,2,1
147853,4,2,2
147942,4,2,2
148108,1,1,1
148126,2,2,1
148130,2,2,1
148301,2,2,1
148345,1,7,0.14285715
148397,2,2,1
148452,3,1,3
148485,2,1,2
148491,4,2,2
148493,2,2,1
148776,6,2,3
148958,2,2,1
148964,2,1,2
149054,6,2,3
149137,2,2,1
149171,2,2,1
149266,6,6,1
149341,6,6,1
149384,6,3,2
149468,9,1,9
149585,10,6,1.6666666
149591,8,2,4
149706,1,1,1
149732,4,2,2
149844,4,2,2
149845,3,1,3
150156,1,1,1
150243,2,2,1
150376,8,3,2.6666667
150396,1,1,1
150663,1,2,0.5
150673,6,2,3
150837,2,1,2
150848,2,2,1
151088,4,2,2
151093,2,2,1
151159,6,2,3
151323,2,2,1
151389,2,1,2
151406,2,2,1
151422,4,2,2
151427,6,2,3
151559,1,1,1
151586,2,2,1
151660,2,2,1
151667,2,2,1
151745,1,1,1
151766,4,2,2
151886,9,6,1.5
151986,2,2,1
152078,2,2,1
152119,2,4,0.5
152215,12,8,1.5
152256,4,2,2
152379,8,4,2
152385,2,2,1
152390,3,3,1
152438,10,2,5
152442,2,2,1
152470,2,2,1
152486,4,2,2
152519,4,2,2
152867,2,2,1
152893,6,1,6
152952,7,2,3.5
153013,2,2,1
153021,4,2,2
153142,2,2,1
153259,2,2,1
153267,6,6,1
153348,2,6,0.33333334
153393,2,6,0.33333334
153406,1,1,1
153450,2,2,1
153463,2,2,1
153487,1,1,1
153490,4,4,1
153626,1,1,1
153675,1,1,1
153735,1,1,1
153746,2,4,0.5
153921,1,1,1
153931,1,1,1
153938,1,1,1
153944,10,2,5
153960,2,2,1
153972,6,2,3
154007,2,2,1
154051,2,2,1
154092,1,1,1
154240,4,4,1
154316,8,6,1.3333334
154407,1,1,1
154411,2,2,1
154433,5,2,2.5
154453,2,2,1
154488,4,2,2
154561,1,1,1
154569,1,1,1
154669,2,2,1
154743,24,2,12
154907,1,1,1
154914,6,4,1.5
155023,3,6,0.5
155072,4,2,2
155192,2,4,0.5
155249,2,2,1
155264,2,2,1
155281,10,6,1.6666666
155315,2,2,1
155417,15,2,7.5
155476,12,2,6
155752,2,4,0.5
155997,6,2,3
156022,2,2,1
156038,2,2,1
156044,1,1,1
156193,2,1,2
156359,1,1,1
156396,4,2,2
156473,1,1,1
156478,2,1,2
156486,2,2,1
156488,1,1,1
156504,12,2,6
156557,6,6,1
156588,1,1,1
156622,1,1,1
156624,4,2,2
156687,2,2,1
156691,1,1,1
156698,2,2,1
156748,2,2,1
156755,2,2,1
156782,6,2,3
156783,2,2,1
156939,2,2,1
156994,2,2,1
157051,2,1,2
157077,1,1,1
157197,1,1,1
157257,2,2,1
157296,2,2,1
157328,8,2,4
157458,2,1,2
157590,4,2,2
157813,4,2,2
157823,4,2,2
157833,2,2,1
157867,1,2,0.5
157919,2,2,1
157971,4,2,2
157979,2,2,1
158152,16,2,8
158168,2,1,2
158201,2,2,1
158282,4,2,2
158293,1,1,1
158369,2,2,1
158497,28,6,4.6666665
158529,2,2,1
158601,1,1,1
158607,2,1,2
158617,1,1,1
158672,2,2,1
158699,2,2,1
158789,6,2,3
158792,3,3,1
159027,2,2,1
159162,1,2,0.5
159175,2,6,0.33333334
159177,8,2,4
159178,20,6,3.3333333
159182,4,2,2
159251,2,2,1
159293,4,2,2
159349,2,2,1
159370,8,6,1.3333334
159388,2,2,1
159537,2,2,1
159752,1,1,1
159876,1,1,1
159911,1,2,0.5
159968,2,2,1
160096,6,2,3
160107,2,2,1
160151,2,2,1
160256,6,2,3
160375,4,2,2
160477,20,2,10
160629,2,2,1
160659,3,2,1.5
160674,6,2,3
160695,2,2,1
160701,2,2,1
160797,1,1,1
160817,6,6,1
160861,4,2,2
161025,3,1,3
161062,2,1,2
161232,1,1,1
161289,1,2,0.5
161344,4,2,2
161442,4,2,2
161555,2,1,2
161600,4,2,2
161605,3,4,0.75
161628,2,2,1
161757,8,6,1.3333334
161780,2,2,1
161972,2,2,1
161980,2,1,2
162056,4,2,2
162215,1,2,0.5
162268,2,2,1
162274,3,1,3
162481,2,2,1
162492,1,1,1
162582,2,2,1
162683,2,2,1
162785,8,2,4
162826,2,2,1
162838,2,2,1
162958,4,2,2
163005,2,2,1
163012,2,2,1
163102,2,2,1
163186,2,2,1
163289,2,2,1
163400,5,2,2.5
163412,2,4,0.5
163444,1,1,1
163448,1,6,0.16666667
163555,1,1,1
163563,1,1,1
163569,14,2,7
163607,3,5,0.60000002
163624,8,6,1.3333334
163647,2,2,1
163714,20,6,3.3333333
163721,1,2,0.5
163767,4,2,2
163779,2,2,1
163787,2,2,1
163818,2,2,1
163896,2,2,1
163897,1,1,1
163899,4,2,2
163995,3,3,1
164091,2,1,2
164143,10,8,1.25
164147,20,6,3.3333333
164222,2,2,1
164284,12,6,2
164426,2,2,1
164439,2,2,1
164461,2,2,1
164503,2,1,2
164528,2,2,1
164544,4,2,2
164666,2,2,1
164675,3,4,0.75
164700,2,2,1
164735,2,2,1
164772,6,6,1
164918,2,1,2
164949,8,2,4
165008,2,2,1
165145,2,2,1
165176,2,2,1
165233,6,2,3
165250,1,1,1
165256,6,2,3
165266,2,2,1
165267,2,2,1
165288,8,2,4
165369,4,2,2
165428,4,4,1
165492,8,2,4
165524,6,6,1
165549,2,2,1
165586,2,2,1
165588,3,2,1.5
165617,7,2,3.5
165662,2,2,1
165695,2,2,1
165739,4,2,2
165782,1,1,1
165837,2,2,1
165894,1,1,1
165960,12,2,6
166000,3,1,3
166182,2,2,1
166270,6,2,3
166361,4,2,2
166449,2,2,1
166466,6,6,1
166477,6,2,3
166491,8,2,4
166516,2,2,1
166562,2,2,1
166667,2,4,0.5
166692,2,2,1
166806,2,2,1
166814,5,2,2.5
166849,8,2,4
166901,8,6,1.3333334
166936,1,1,1
166993,6,2,3
167008,6,2,3
167036,4,2,2
167123,2,2,1
167198,1,2,0.5
167273,2,2,1
167526,16,2,8
167528,4,1,4
167564,2,6,0.33333334
167566,2,2,1
167583,2,2,1
167649,4,2,2
167775,1,1,1
167872,3,2,1.5
167876,1,1,1
167974,3,1,3
167996,2,2,1
168145,6,2,3
168170,6,2,3
168191,4,2,2
168203,8,6,1.3333334
168207,2,2,1
168209,1,1,1
168278,2,2,1
168322,2,2,1
168329,6,2,3
168399,2,2,1
168438,1,1,1
168497,2,1,2
168512,2,1,2
168518,6,2,3
168521,2,2,1
168578,2,2,1
168598,6,6,1
168615,6,2,3
168619,2,2,1
168693,2,2,1
168710,6,2,3
168743,2,1,2
168782,4,2,2
168847,4,2,2
168897,6,6,1
168910,2,2,1
168921,2,2,1
168942,2,2,1
169053,4,2,2
169064,1,1,1
169080,6,2,3
169101,12,6,2
169160,1,1,1
169203,6,12,0.5
169214,2,2,1
169250,2,2,1
169275,1,1,1
169287,6,4,1.5
169301,4,2,2
169495,2,2,1
169510,1,1,1
169539,1,1,1
169589,4,2,2
169643,4,2,2
169663,2,2,1
169682,2,2,1
169784,2,2,1
169886,2,2,1
169891,4,2,2
169958,2,2,1
170063,2,6,0.33333334
170164,2,2,1
170207,6,4,1.5
170246,2,2,1
170365,6,2,3
170399,1,1,1
170403,4,2,2
170419,4,2,2
170445,1,1,1
170586,2,2,1
170636,2,2,1
170658,3,1,3
170678,2,2,1
170762,2,2,1
170838,6,6,1
170847,2,2,1
170860,2,2,1
170861,2,2,1
170862,3,1,3
170951,1,2,0.5
170971,2,2,1
171004,2,2,1
171024,4,4,1
171063,6,2,3
171132,1,1,1
171177,2,2,1
171196,2,2,1
171240,6,2,3
171247,1,1,1
171286,6,2,3
171347,6,2,3
171363,10,2,5
171423,2,6,0.33333334
171429,2,2,1
171593,2,1,2
171802,1,1,1
171834,4,6,0.66666669
171875,1,3,0.33333334
171933,6,12,0.5
171958,2,2,1
172101,1,1,1
172143,2,2,1
172146,4,6,0.66666669
172204,1,1,1
172231,4,2,2
172238,2,2,1
172240,2,6,0.33333334
172305,2,2,1
172361,6,2,3
172366,2,2,1
172501,1,2,0.5
172555,24,6,4
172566,1,1,1
172570,2,2,1
172587,1,1,1
172620,2,2,1
172741,1,1,1
172844,6,2,3
172949,2,2,1
172983,1,2,0.5
173050,2,1,2
173071,2,2,1
173196,2,2,1
173231,10,2,5
173247,1,1,1
173254,2,1,2
173303,3,2,1.5
173366,3,1,3
173553,2,2,1
173568,2,2,1
173710,4,2,2
173852,4,2,2
173853,2,2,1
173914,2,1,2
173947,2,2,1
173973,2,2,1
173980,1,1,1
174014,10,2,5
174153,2,4,0.5
174171,4,1,4
174298,3,1,3
174385,8,6,1.3333334
174387,2,2,1
174440,3,4,0.75
174522,2,2,1
174547,3,6,0.5
174554,10,2,5
174903,2,4,0.5
174999,4,4,1
175014,2,2,1
175077,6,6,1
175142,6,2,3
175189,2,2,1
175192,2,2,1
175295,2,2,1
175296,2,2,1
175360,4,2,2
175424,3,1,3
175583,4,2,2
175585,2,2,1
175605,12,2,6
175621,4,2,2
175740,4,2,2
175762,6,6,1
175787,3,1,3
175799,6,2,3
175879,2,2,1
175907,2,2,1
175932,4,2,2
175981,6,2,3
176013,2,2,1
176096,1,1,1
176130,2,2,1
176197,1,1,1
176205,2,2,1
176210,4,4,1
176246,14,2,7
176305,6,4,1.5
176320,4,2,2
176340,2,2,1
176350,2,2,1
176370,18,2,9
176444,4,2,2
176449,4,2,2
176456,2,2,1
176464,2,1,2
176468,4,2,2
176552,6,6,1
176585,2,2,1
176633,2,2,1
176660,4,2,2
176711,2,2,1
176869,1,1,1
176911,4,2,2
176945,4,1,4
177012,1,1,1
177019,2,1,2
177110,2,2,1
177147,1,1,1
177203,2,2,1
177212,2,2,1
177286,6,2,3
177304,4,2,2
177370,4,2,2
177376,15,6,2.5
177415,2,2,1
177422,2,2,1
177436,2,6,0.33333334
177446,2,2,1
177628,2,2,1
177742,4,2,2
177786,4,2,2
177854,6,2,3
177894,2,2,1
177970,4,1,4
178009,4,2,2
178111,4,2,2
178132,6,2,3
178170,2,2,1
178242,6,2,3
178259,2,1,2
178325,1,2,0.5
178415,6,2,3
178426,2,1,2
178545,2,2,1
178571,2,2,1
178595,2,2,1
178688,2,1,2
178709,4,2,2
178718,2,2,1
178767,6,2,3
178799,6,2,3
178841,2,2,1
178863,2,2,1
178921,2,2,1
178926,4,1,4
178962,12,2,6
179035,10,2,5
179065,4,2,2
179072,14,6,2.3333333
179183,4,2,2
179225,2,2,1
179326,3,1,3
179365,10,2,5
179397,8,2,4
179415,2,2,1
179472,4,4,1
179509,6,2,3
179735,1,2,0.5
179945,4,2,2
180004,2,2,1
180124,4,2,2
180160,2,2,1
180256,1,1,1
180308,1,1,1
180376,2,2,1
180406,4,2,2
180430,1,2,0.5
180459,2,4,0.5
180584,2,2,1
180640,4,2,2
180647,2,2,1
180660,2,2,1
180797,12,6,2
180909,2,1,2
180936,4,4,1
181028,4,2,2
181046,2,2,1
181067,2,2,1
181100,2,2,1
181150,2,2,1
181157,2,2,1
181218,10,6,1.6666666
181265,2,2,1
181317,2,2,1
181350,6,2,3
181392,6,2,3
181418,4,2,2
181530,1,1,1
181539,2,2,1
181589,1,1,1
181632,2,3,0.66666669
181776,4,2,2
182027,2,6,0.33333334
182073,2,2,1
182095,1,1,1
182186,2,2,1
182259,6,6,1
182299,2,1,2
182369,1,1,1
182398,2,2,1
182430,4,2,2
182497,2,2,1
182615,2,2,1
182645,2,2,1
182748,1,1,1
182904,1,1,1
182908,4,2,2
182936,4,2,2
183026,4,2,2
183105,12,6,2
183228,1,1,1
183236,12,2,6
183294,12,6,2
183445,8,2,4
183451,2,2,1
183522,1,1,1
183546,6,6,1
183561,3,1,3
183577,4,4,1
183832,3,2,1.5
183870,1,1,1
183958,2,2,1
183999,4,2,2
184092,2,2,1
184129,1,2,0.5
184264,2,2,1
184327,2,2,1
184335,6,4,1.5
184445,2,2,1
184457,2,2,1
184493,6,2,3
184509,4,2,2
184525,2,6,0.33333334
184612,2,4,0.5
184639,6,3,2
184673,3,1,3
184721,2,1,2
184786,10,2,5
184841,2,2,1
184908,1,1,1
184981,2,2,1
185001,4,2,2
185047,6,12,0.5
185078,2,2,1
185162,6,2,3
185179,10,2,5
185189,2,2,1
185255,2,2,1
185280,6,2,3
185284,14,2,7
185289,8,2,4
185308,4,2,2
185335,2,2,1
185386,2,2,1
185503,2,2,1
185518,2,2,1
185526,2,2,1
185672,2,2,1
185833,2,2,1
185916,4,6,0.66666669
185949,4,2,2
186025,2,1,2
186026,1,1,1
186043,1,1,1
186072,3,2,1.5
186074,1,1,1
186097,4,2,2
186151,2,2,1
186166,3,1,3
186191,2,2,1
186196,2,2,1
186327,6,6,1
186400,4,4,1
186496,3,3,1
186509,3,2,1.5
186563,4,2,2
186600,2,2,1
186630,4,2,2
186666,8,2,4
186681,20,6,3.3333333
186732,2,2,1
186746,2,1,2
186848,2,2,1
186851,2,2,1
186894,6,2,3
186989,1,2,0.5
187253,6,6,1
187301,2,1,2
187497,10,4,2.5
187511,1,1,1
187600,2,2,1
187628,6,6,1
187649,3,1,3
187651,2,2,1
187664,1,1,1
187689,4,2,2
187733,2,2,1
187840,2,2,1
187869,2,2,1
187874,2,2,1
187877,2,1,2
187956,2,2,1
187990,4,2,2
188034,6,6,1
188137,2,2,1
188159,2,2,1
188214,2,1,2
188271,4,1,4
188273,1,1,1
188283,12,4,3
188323,1,1,1
188326,4,2,2
188347,2,2,1
188352,4,2,2
188370,1,1,1
188407,2,2,1
188612,2,2,1
188622,2,2,1
188638,2,2,1
188721,1,1,1
188752,4,2,2
189032,1,2,0.5
189061,8,4,2
189069,14,2,7
189080,2,2,1
189119,2,2,1
189203,2,2,1
189304,2,1,2
189350,2,2,1
189433,2,2,1
189465,4,1,4
189469,1,1,1
189502,2,1,2
189530,2,2,1
189540,2,2,1
189545,1,2,0.5
189661,2,2,1
189963,1,2,0.5
190087,4,2,2
190162,2,6,0.33333334
190255,3,2,1.5
190294,1,1,1
190383,1,1,1
190399,21,3,7
190457,1,1,1
190471,2,2,1
190485,4,4,1
190534,2,4,0.5
190574,4,2,2
190602,4,2,2
190605,7,2,3.5
190710,2,2,1
190727,2,1,2
190770,6,2,3
190816,6,2,3
190889,2,2,1
191083,4,2,2
191085,2,2,1
191117,2,2,1
191136,6,4,1.5
191147,2,2,1
191161,6,2,3
191251,1,1,1
191319,2,2,1
191345,12,6,2
191381,2,2,1
191463,6,6,1
191555,2,2,1
191647,4,2,2
191738,3,1,3
191761,1,1,1
191763,10,2,5
191764,2,2,1
191875,2,2,1
191900,1,1,1
191940,2,2,1
191941,1,1,1
191956,2,2,1
191968,2,1,2
191989,2,2,1
192063,4,2,2
192102,2,6,0.33333334
192124,6,6,1
192130,1,2,0.5
192183,4,2,2
192280,2,2,1
192433,2,2,1
192541,1,1,1
192565,2,2,1
192652,2,2,1
192678,2,2,1
192740,2,6,0.33333334
192774,2,2,1
192806,2,1,2
192878,1,1,1
192900,18,4,4.5
192907,8,2,4
192911,2,2,1
192949,2,2,1
193019,26,2,13
193033,6,6,1
193053,26,2,13
193157,4,4,1
193161,4,4,1
193201,1,1,1
193242,12,2,6
193271,2,2,1
193451,2,2,1
193570,1,1,1
193656,1,1,1
193722,2,2,1
193750,4,1,4
193767,2,2,1
193815,4,2,2
193818,2,2,1
193940,2,2,1
193942,1,1,1
193958,4,2,2
193968,2,2,1
193977,2,2,1
194029,4,2,2
194097,2,2,1
194164,6,1,6
194184,1,1,1
194216,6,2,3
194307,4,2,2
194319,4,2,2
194321,4,2,2
194329,1,1,1
194332,2,2,1
194457,2,2,1
194505,1,2,0.5
194537,2,6,0.33333334
194650,1,1,1
194732,6,6,1
194748,2,6,0.33333334
194801,2,2,1
194936,2,2,1
194964,2,2,1
195015,3,1,3
195050,2,2,1
195119,8,6,1.3333334
195154,1,1,1
195175,2,2,1
195319,2,2,1
195321,1,1,1
195406,10,2,5
195430,4,2,2
195506,4,1,4
195523,4,2,2
195572,1,1,1
195678,2,2,1
195743,6,6,1
195770,8,6,1.3333334
195794,4,2,2
195811,4,2,2
195851,4,2,2
195929,8,2,4
195947,2,1,2
195967,3,2,1.5
195999,2,2,1
196011,2,2,1
196051,2,2,1
196076,1,1,1
196092,2,6,0.33333334
196137,2,2,1
196251,2,2,1
196303,2,1,2
196352,2,2,1
196535,1,1,1
196546,16,6,2.6666667
196608,12,2,6
196609,2,2,1
196724,2,2,1
196730,2,4,0.5
196772,1,1,1
196785,2,2,1
196804,2,2,1
196843,2,2,1
196855,2,2,1
196909,2,2,1
197034,2,1,2
197067,6,6,1
197097,6,6,1
197239,2,1,2
197310,2,2,1
197438,2,6,0.33333334
197469,2,4,0.5
197515,2,1,2
197566,2,6,0.33333334
197608,4,2,2
197609,12,4,3
197627,2,2,1
197648,2,2,1
197655,4,2,2
197664,12,12,1
197693,4,2,2
197708,4,2,2
197868,2,2,1
197956,6,1,6
197987,2,1,2
198008,18,2,9
198033,2,2,1
198065,1,2,0.5
198155,12,6,2
198192,1,1,1
198260,2,2,1
198316,2,2,1
198343,2,2,1
198383,4,2,2
198396,1,1,1
198423,2,2,1
198426,2,1,2
198481,4,6,0.66666669
198500,1,1,1
198758,6,6,1
198769,2,1,2
198835,1,1,1
198862,12,12,1
198913,8,2,4
198945,2,2,1
198968,4,2,2
199039,2,1,2
199080,2,1,2
199105,2,4,0.5
199137,2,2,1
199154,2,2,1
199207,2,2,1
199210,1,1,1
199249,2,1,2
199258,2,2,1
199332,1,1,1
199339,6,2,3
199370,2,2,1
199418,4,2,2
199446,6,4,1.5
199526,2,2,1
199542,2,2,1
199602,2,6,0.33333334
199651,2,4,0.5
199674,2,4,0.5
199731,2,1,2
199854,1,1,1
199877,4,2,2
199892,4,2,2
199965,4,2,2
199967,16,2,8
199993,3,1,3
200188,2,4,0.5
200243,4,2,2
200279,8,1,8
200331,12,2,6
200347,6,2,3
200352,4,2,2
200518,2,2,1
200522,10,6,1.6666666
200539,2,2,1
200560,2,2,1
200624,16,8,2
200634,2,2,1
200690,2,2,1
200691,4,2,2
200713,2,2,1
200753,14,6,2.3333333
200863,2,2,1
200869,6,2,3
200909,4,2,2
200945,2,2,1
200964,6,6,1
201000,4,2,2
201014,8,2,4
201066,2,4,0.5
201083,2,2,1
201128,1,1,1
201133,6,2,3
201139,2,2,1
201187,2,2,1
201327,2,2,1
201395,3,1,3
201417,3,2,1.5
201433,2,4,0.5
201480,6,6,1
201649,4,1,4
201730,2,2,1
201817,2,2,1
201854,4,2,2
201880,1,1,1
201891,2,2,1
201903,20,2,10
201913,2,2,1
201928,12,2,6
202031,6,2,3
202071,1,1,1
202090,4,2,2
202191,5,2,2.5
202275,2,2,1
202308,1,1,1
202320,2,2,1
202401,2,1,2
202408,2,2,1
202409,2,1,2
202442,50,2,25
202457,2,6,0.33333334
202532,6,2,3
202554,2,2,1
202555,2,1,2
202601,2,1,2
202603,1,1,1
202610,3,6,0.5
202715,4,1,4
202724,3,1,3
202821,4,2,2
202846,1,1,1
202879,3,1,3
202903,2,2,1
202912,2,2,1
202961,4,1,4
203058,2,2,1
203124,2,2,1
203139,1,1,1
203165,8,2,4
203166,2,2,1
203197,4,2,2
203241,2,1,2
203300,6,6,1
203334,2,2,1
203341,2,2,1
203406,6,2,3
203487,4,2,2
203493,6,6,1
203526,1,1,1
203676,3,1,3
203757,1,4,0.25
203857,2,2,1
203886,1,4,0.25
203900,6,2,3
203902,2,2,1
203990,1,1,1
203992,1,1,1
204002,12,2,6
204068,8,2,4
204097,8,2,4
204103,1,1,1
204122,8,2,4
204128,3,1,3
204129,2,1,2
204202,2,6,0.33333334
204211,2,2,1
204217,2,2,1
204221,6,6,1
204252,1,1,1
204321,2,1,2
204376,8,2,4
204383,12,2,6
204400,4,2,2
204459,2,2,1
204522,2,2,1
204526,2,2,1
204685,2,2,1
204767,3,1,3
204781,4,2,2
204846,2,2,1
204859,2,2,1
204875,3,2,1.5
204888,5,2,2.5
204963,2,1,2
204967,4,2,2
205006,2,1,2
205008,1,1,1
205064,1,1,1
205125,2,2,1
205160,2,2,1
205208,2,2,1
205440,14,2,7
205490,1,1,1
205510,1,2,0.5
205602,2,2,1
205678,2,2,1
205685,4,2,2
205790,2,2,1
205791,2,1,2
205795,7,2,3.5
205822,2,2,1
205830,1,1,1
205869,2,2,1
205884,2,1,2
205961,2,1,2
205979,2,1,2
205981,2,2,1
206104,14,2,7
206189,4,2,2
206307,2,2,1
206310,1,2,0.5
206313,3,2,1.5
206343,2,2,1
206412,1,2,0.5
206529,2,2,1
207062,2,2,1
207066,2,1,2
207208,2,2,1
207302,4,2,2
207437,1,1,1
207491,2,6,0.33333334
207605,4,2,2
207684,4,2,2
207786,2,2,1
208096,2,4,0.5
208196,6,2,3
208207,1,1,1
208328,2,2,1
208332,4,2,2
208374,2,1,2
208410,2,1,2
208417,2,2,1
208513,1,2,0.5
208533,2,1,2
208534,2,2,1
208586,2,2,1
208610,2,4,0.5
208657,2,4,0.5
208669,2,2,1
208682,2,2,1
208703,8,4,2
208706,34,2,17
208787,6,2,3
208932,1,1,1
209010,3,1,3
209025,1,1,1
209029,8,6,1.3333334
209053,6,2,3
209191,2,2,1
209400,1,1,1
209461,4,6,0.66666669
209463,4,2,2
209575,2,8,0.25
209586,1,2,0.5
209626,2,1,2
209650,1,2,0.5
209770,6,2,3
209773,3,1,3
209832,2,6,0.33333334
209841,2,2,1
209844,1,2,0.5
209930,1,1,1
209973,2,2,1
209996,2,2,1
210016,2,2,1
210101,2,2,1
210176,2,2,1
210203,1,4,0.25
210218,2,2,1
210302,2,2,1
210303,1,1,1
210370,2,1,2
210401,12,2,6
210507,2,1,2
210611,2,6,0.33333334
210677,6,6,1
210678,1,1,1
210796,4,2,2
210840,4,2,2
210890,4,2,2
211035,2,2,1
211053,2,2,1
211054,4,2,2
211100,2,2,1
211161,1,1,1
211189,1,1,1
211266,2,2,1
211285,2,2,1
211311,4,2,2
211389,6,2,3
211402,1,2,0.5
211412,4,2,2
211421,2,1,2
211446,2,2,1
211476,4,4,1
211536,4,4,1
211544,3,2,1.5
211554,2,2,1
211563,2,1,2
211699,1,1,1
211707,2,12,0.16666667
211768,2,3,0.66666669
211878,4,2,2
211908,2,2,1
211928,2,2,1
211965,16,2,8
211989,10,2,5
212133,2,2,1
212139,4,2,2
212163,16,2,8
212230,2,1,2
212246,2,2,1
212419,6,6,1
212435,2,2,1
212449,1,1,1
212464,2,2,1
212746,18,6,3
212937,1,1,1
212966,2,6,0.33333334
213012,6,6,1
213038,14,2,7
213050,1,1,1
213057,2,1,2
213062,4,2,2
213071,1,1,1
213072,2,6,0.33333334
213203,2,1,2
213264,2,2,1
213304,4,2,2
213360,2,2,1
213487,6,6,1
213628,4,1,4
213903,2,2,1
213960,1,1,1
213993,7,2,3.5
214066,2,2,1
214068,3,1,3
214108,2,1,2
214114,2,2,1
214194,2,1,2
214242,2,2,1
214325,6,2,3
214411,1,1,1
214414,2,2,1
214478,1,2,0.5
214526,2,2,1
214715,4,2,2
214781,2,2,1
214796,2,2,1
214805,6,2,3
214939,2,2,1
215012,1,1,1
215119,1,2,0.5
215123,4,1,4
215134,3,1,3
215210,6,6,1
215220,4,2,2
215324,1,1,1
215361,2,2,1
215400,4,1,4
215453,2,2,1
215505,6,4,1.5
215541,2,2,1
215546,2,2,1
215547,2,4,0.5
215564,6,6,1
215578,8,2,4
215609,1,1,1
215784,2,2,1
215824,3,1,3
215828,2,1,2
215836,1,1,1
215877,1,1,1
215878,2,6,0.33333334
215886,1,1,1
215927,8,1,8
215928,6,2,3
215983,1,2,0.5
216076,2,2,1
216240,2,2,1
216314,4,2,2
216390,2,2,1
216394,2,2,1
216396,2,2,1
216436,6,12,0.5
216530,6,2,3
216575,4,2,2
216608,2,2,1
216720,8,2,4
216733,8,2,4
216857,2,4,0.5
216900,2,2,1
216925,2,2,1
216931,1,1,1
217176,8,6,1.3333334
217210,1,1,1
217295,3,1,3
217356,2,2,1
217392,2,2,1
217460,8,2,4
217469,1,1,1
217537,2,2,1
217590,4,2,2
217614,12,2,6
217649,2,2,1
217728,4,2,2
217743,4,2,2
217813,1,2,0.5
217816,10,6,1.6666666
217868,2,2,1
217890,8,2,4
217975,12,2,6
217979,2,6,0.33333334
217989,6,4,1.5
217992,6,2,3
218242,2,2,1
218262,1,2,0.5
218425,1,2,0.5
218521,2,2,1
218581,4,2,2
218654,4,2,2
218708,1,1,1
218761,4,1,4
218830,4,2,2
218844,2,2,1
218853,2,2,1
218909,10,6,1.6666666
218918,2,1,2
219002,6,2,3
219060,1,1,1
219062,2,2,1
219234,2,2,1
219265,4,2,2
219280,1,1,1
219285,2,2,1
219287,2,2,1
219350,1,1,1
219418,2,2,1
219477,1,1,1
219497,6,2,3
219525,2,1,2
219584,1,1,1
219590,2,2,1
219608,1,1,1
219610,3,3,1
219681,4,2,2
219767,2,2,1
219813,2,2,1
219823,4,2,2
219852,6,2,3
219921,2,2,1
219954,2,2,1
220001,4,2,2
220021,4,1,4
220038,10,2,5
220063,8,2,4
220106,2,2,1
220166,1,2,0.5
220321,1,1,1
220424,6,2,3
220443,2,2,1
220472,6,2,3
220553,2,2,1
220571,1,1,1
220612,14,2,7
220645,12,2,6
220650,1,1,1
220716,6,2,3
220752,4,6,0.66666669
220755,6,2,3
220776,2,2,1
220840,4,4,1
220869,6,2,3
220882,2,2,1
220909,6,6,1
220922,8,2,4
220926,2,4,0.5
221044,2,2,1
221064,1,1,1
221088,1,1,1
221219,3,2,1.5
221238,2,2,1
221262,1,2,0.5
221362,2,6,0.33333334
221412,6,12,0.5
221425,1,1,1
221435,4,2,2
221448,18,2,9
221479,1,1,1
221513,4,4,1
221521,24,6,4
221554,2,2,1
221632,2,2,1
221667,1,1,1
221704,2,2,1
221742,6,6,1
221782,2,2,1
221789,4,2,2
221817,4,1,4
221854,2,1,2
221959,4,2,2
222015,22,2,11
222055,2,6,0.33333334
222108,2,1,2
222127,1,1,1
222134,3,1,3
222227,2,2,1
222241,11,6,1.8333334
222268,1,1,1
222307,18,6,3
222338,6,2,3
222357,1,1,1
222645,2,2,1
222766,2,2,1
222776,2,2,1
222843,1,1,1
222864,6,6,1
222946,1,1,1
222952,1,1,1
222976,1,1,1
223016,4,2,2
223023,3,1,3
223027,4,2,2
223064,7,1,7
223165,1,2,0.5
223384,2,2,1
223392,2,4,0.5
223477,2,2,1
223556,2,2,1
223560,1,1,1
223709,4,4,1
223845,9,3,3
223847,4,2,2
223849,2,2,1
223913,1,1,1
224113,8,2,4
224142,12,2,6
224194,4,6,0.66666669
224368,1,1,1
224464,2,2,1
224497,4,2,2
224617,1,1,1
224688,1,1,1
224695,1,2,0.5
224725,4,2,2
224747,2,2,1
224761,1,1,1
224801,2,2,1
224844,3,1,3
224890,2,2,1
224927,2,2,1
224933,2,2,1
225028,2,2,1
225136,26,6,4.3333335
225183,4,2,2
225222,1,1,1
225258,2,2,1
225268,1,1,1
225276,2,1,2
225280,1,3,0.33333334
225414,4,2,2
225476,2,2,1
225477,1,2,0.5
225529,2,2,1
225619,6,6,1
225851,18,4,4.5
225881,2,1,2
225956,2,2,1
226081,10,2,5
226188,6,1,6
226189,2,2,1
226274,2,2,1
226376,3,3,1
226411,14,12,1.1666666
226434,1,1,1
226479,3,1,3
226583,4,2,2
226610,1,1,1
226618,2,2,1
226628,6,6,1
226685,2,2,1
226704,2,2,1
226711,2,2,1
226786,18,6,3
226877,2,2,1
226913,3,1,3
226937,13,2,6.5
227035,1,1,1
227105,2,2,1
227110,2,2,1
227277,40,4,10
227295,6,2,3
227306,12,6,2
227395,2,1,2
227416,1,1,1
227475,2,2,1
227478,2,2,1
227505,2,1,2
227526,4,2,2
227535,4,2,2
227551,2,1,2
227594,1,1,1
227683,2,2,1
227720,2,2,1
227854,2,2,1
227857,6,2,3
227928,2,2,1
227993,1,1,1
228103,2,2,1
228165,6,6,1
228201,2,6,0.33333334
228362,2,2,1
228379,4,2,2
228553,2,2,1
228607,2,1,2
228636,1,1,1
228724,1,1,1
228849,1,1,1
228953,1,1,1
228966,1,1,1
229035,1,2,0.5
229045,3,3,1
229046,2,2,1
229091,6,2,3
229230,10,6,1.6666666
229270,2,2,1
229324,2,2,1
229325,4,2,2
229343,2,6,0.33333334
229352,4,6,0.66666669
229363,4,2,2
229424,2,1,2
229518,1,2,0.5
229524,1,1,1
229552,2,2,1
229624,18,6,3
229742,4,2,2
229912,6,2,3
229931,1,1,1
229963,6,4,1.5
229993,4,2,2
230015,4,2,2
230041,2,2,1
230065,1,1,1
230083,2,2,1
230089,2,2,1
230183,8,2,4
230231,8,2,4
230241,1,1,1
230250,4,2,2
230272,2,2,1
230656,2,2,1
230758,2,2,1
230851,6,6,1
230877,2,2,1
230910,2,2,1
230937,6,2,3
230967,1,1,1
230999,6,3,2
231014,2,2,1
231024,4,2,2
231163,4,2,2
231446,2,2,1
231456,10,2,5
231476,12,6,2
231489,2,2,1
231573,2,1,2
231735,2,2,1
231781,9,6,1.5
231794,4,2,2
231847,4,2,2
231955,4,2,2
232063,1,1,1
232228,4,2,2
232234,4,2,2
232308,4,2,2
232372,6,2,3
232420,2,2,1
232501,2,2,1
232509,1,3,0.33333334
232543,2,1,2
232546,1,1,1
232571,2,2,1
232626,6,3,2
232645,2,2,1
232672,12,1,12
232692,2,2,1
232728,8,2,4
232869,6,2,3
232909,4,1,4
232962,2,2,1
232988,4,2,2
233091,1,1,1
233140,4,2,2
233149,2,2,1
233270,2,2,1
233288,4,2,2
233305,2,2,1
233338,18,6,3
233410,4,2,2
233445,6,6,1
233510,6,2,3
233538,4,2,2
233547,8,2,4
233604,6,4,1.5
233615,1,1,1
233632,2,2,1
233692,3,1,3
233724,3,1,3
233727,1,1,1
233796,16,2,8
233804,26,8,3.25
233851,4,2,2
233964,14,2,7
233969,2,2,1
233975,2,2,1
234036,1,1,1
234147,3,2,1.5
234179,6,4,1.5
234236,1,1,1
234401,1,1,1
234412,1,1,1
234468,2,2,1
234492,4,4,1
234502,2,2,1
234561,2,2,1
234632,6,4,1.5
234861,4,8,0.5
234918,1,1,1
234944,6,2,3
235020,55,8,6.875
235174,8,2,4
235313,2,2,1
235322,4,2,2
235425,2,12,0.16666667
235452,4,2,2
235482,3,3,1
235513,1,1,1
235533,2,2,1
235595,4,2,2
235609,1,6,0.16666667
235767,6,2,3
235775,1,1,1
235779,6,2,3
235999,4,2,2
236029,1,1,1
236037,2,6,0.33333334
236041,6,8,0.75
236056,2,2,1
236200,2,1,2
236241,1,1,1
236298,2,1,2
236365,2,1,2
236427,1,1,1
236639,1,1,1
236646,4,2,2
236656,8,2,4
236680,4,2,2
236691,14,2,7
236695,4,2,2
236724,12,2,6
236734,1,1,1
236850,2,8,0.25
236915,4,2,2
236937,6,2,3
236942,1,1,1
236964,10,6,1.6666666
236986,4,2,2
236990,2,2,1
237011,16,6,2.6666667
237014,2,2,1
237039,12,6,2
237183,4,2,2
237197,1,1,1
237233,12,2,6
237480,4,2,2
237759,6,2,3
237799,2,2,1
237984,1,1,1
237993,2,2,1
238003,4,2,2
238068,6,2,3
238071,2,4,0.5
238154,14,2,7
238160,6,6,1
238423,2,2,1
238487,2,2,1
238570,2,2,1
238572,2,2,1
238599,2,1,2
238645,4,2,2
238716,2,2,1
238739,1,1,1
238823,4,4,1
238878,2,1,2
238988,10,2,5
239096,6,6,1
239124,14,2,7
239234,2,2,1
239478,2,2,1
239530,2,2,1
239531,2,6,0.33333334
